Full Name,Cole Number,Collection Status,Species,Picture,Flower Color,Flower Picture,Subspecies,Variety,Form,Locality Data,Watering,Cultivar Name,Synonym,Cultivar and Synonym
L. amicorum,C410,FALSE,amicorum,,W,,, ,,"TL: 75 km SE of Aus, Namibia",,,,
L. aucampiae ssp. aucampiae v. aucampiae,C002,FALSE,aucampiae,,Y,,ssp. aucampiae,v. aucampiae,,"Near Danielskuil, South Africa",,,,
L. aucampiae ssp. aucampiae v. aucampiae,C003,FALSE,aucampiae,,Y,,ssp. aucampiae,v. aucampiae,,"10 km SE of Postmasburg, South Africa",,,,
L. aucampiae ssp. aucampiae v. aucampiae,C004,FALSE,aucampiae,,Y,,ssp. aucampiae,v. aucampiae,,"5 km N of Postmasburg, South Africa",,,,
L. aucampiae ssp. aucampiae v. aucampiae,C046,FALSE,aucampiae,,Y,,ssp. aucampiae,v. aucampiae,,"5 km NE of Griquatown, South Africa",,,,
L. aucampiae ssp. aucampiae v. aucampiae,C061,FALSE,aucampiae,,Y,,ssp. aucampiae,v. aucampiae,,"70 km WSW of Vryburg, South Africa",,,,
L. aucampiae ssp. aucampiae v. aucampiae,C117,FALSE,aucampiae,,Y,,ssp. aucampiae,v. aucampiae,,"45 km NW of Griquatown, South Africa",,,,
L. aucampiae ssp. aucampiae v. aucampiae,C172,FALSE,aucampiae,,Y,,ssp. aucampiae,v. aucampiae,,"5 km W of Sishen, South Africa",,,,
L. aucampiae ssp. aucampiae v. aucampiae,C255,FALSE,aucampiae,,Y,,ssp. aucampiae,v. aucampiae,,"TL: 15 km NNW of Postmasburg, South Africa",,,,
L. aucampiae ssp. aucampiae v. aucampiae,C257,FALSE,aucampiae,,Y,,ssp. aucampiae,v. aucampiae,,"40 km W of Postmasburg, South Africa",,,,
L. aucampiae ssp. aucampiae v. aucampiae,C298,FALSE,aucampiae,,Y,,ssp. aucampiae,v. aucampiae,,"Near Severn, South Africa",,,,
L. aucampiae ssp. aucampiae v. aucampiae,C333,FALSE,aucampiae,,Y,,ssp. aucampiae,v. aucampiae,,"Near Griquatown, South Africa",,,,
L. aucampiae ssp. aucampiae v. aucampiae,C334,FALSE,aucampiae,,Y,,ssp. aucampiae,v. aucampiae,,"15 km NNE of Olifantshoek, South Africa",,,,
L. aucampiae ssp. aucampiae v. aucampiae,C366,FALSE,aucampiae,,Y,,ssp. aucampiae,v. aucampiae,,"Near Danielskuil, South Africa",,,,
L. aucampiae ssp. aucampiae v. aucampiae 'Betty’s Beryl',C389,FALSE,aucampiae,,W,,ssp. aucampiae,v. aucampiae,,Not Documented,,'Betty’s Beryl',,'Betty’s Beryl'
L. aucampiae ssp. aucampiae v. aucampiae 'Jackson’s Jade',C395,FALSE,aucampiae,,Y,,ssp. aucampiae,v. aucampiae,,Not Documented,,'Jackson’s Jade',,'Jackson’s Jade'
L. aucampiae ssp. aucampiae v. aucampiae 'Storms’s Snowcap',C392,FALSE,aucampiae,,W,,ssp. aucampiae,v. aucampiae,,Not Documented,,'Storms’s Snowcap',,'Storms’s Snowcap'
L. aucampiae ssp. aucampiae v. aucampiae (Kuruman Form),C011,FALSE,aucampiae,,Y,,ssp. aucampiae,v. aucampiae,(Kuruman Form),"5 km SW of Kuruman, South Africa",,,,
L. aucampiae ssp. aucampiae v. aucampiae (Kuruman Form),C012,FALSE,aucampiae,,Y,,ssp. aucampiae,v. aucampiae,(Kuruman Form),"10 km E of Kuruman, South Africa",,,,
L. aucampiae ssp. aucampiae v. aucampiae (Kuruman Form),C173,FALSE,aucampiae,,Y,,ssp. aucampiae,v. aucampiae,(Kuruman Form),"60 km SE of Kuruman, South Africa",,,,
L. aucampiae ssp. aucampiae v. aucampiae (Kuruman Form),C325,FALSE,aucampiae,,Y,,ssp. aucampiae,v. aucampiae,(Kuruman Form),"10 km W of Reivilo, South Africa",,,,
L. aucampiae ssp. aucampiae v. aucampiae (Kuruman Form),C332,FALSE,aucampiae,,Y,,ssp. aucampiae,v. aucampiae,(Kuruman Form),"5 km NE of Kuruman, South Africa",,,,
L. aucampiae ssp. aucampiae v. koelemanii,C016,FALSE,aucampiae,,Y,,ssp. aucampiae,v. koelemanii,,"TL: 35 km NW of Postmasburg, South Africa",,,,
L. aucampiae ssp. aucampiae v. koelemanii,C256,FALSE,aucampiae,,Y,,ssp. aucampiae,v. koelemanii,,"35 km WSW of Postmasburg, South Africa",,,,
L. aucampiae ssp. euniceae v. euniceae,C048,FALSE,aucampiae,,Y,,ssp. euniceae,v. euniceae,,"TL: 15 km N of Hopetown, South Africa",,,,
L. aucampiae ssp. euniceae v. fluminalis,C054,FALSE,aucampiae,,Y,,ssp. euniceae,v. fluminalis,,"TL: Near Hopetown, South Africa",,,,
L. bromfieldii v. bromfieldii,C040,FALSE,bromfieldii,,Y,,,v. bromfieldii,,"TL: 15 km ENE of Upington, South Africa",,,,
L. bromfieldii v. bromfieldii,C041,FALSE,bromfieldii,,Y,,,v. bromfieldii,,"15 km ENE of Upington, South Africa",,,,
L. bromfieldii v. bromfieldii,C279,FALSE,bromfieldii,,Y,,,v. bromfieldii,,"45 km E of Upington, South Africa",,,,
L. bromfieldii v. bromfieldii,C348,FALSE,bromfieldii,,Y,,,v. bromfieldii,,"20 km E of Upington, South Africa",,,,
L. bromfieldii v. bromfieldii,C368,FALSE,bromfieldii,,W,,,v. bromfieldii,,"25 km SE of Upington, South Africa",,‘W Nymph’,,
L. bromfieldii v. glaudinae,C116,FALSE,bromfieldii,,Y,,,v. glaudinae,,"TL: 70 km WNW of Griquatown, South Africa",,,,
L. bromfieldii v. glaudinae,C382,FALSE,bromfieldii,,Y,,,v. glaudinae,,"70 km W of Griquatown, South Africa",,,,
L. bromfieldii v. glaudinae,C393,FALSE,bromfieldii,,Y,,,v. glaudinae,,"70 km NW of Griquatown, South Africa",,,,
L. bromfieldii v. insularis,C042,FALSE,bromfieldii,,Y,,,v. insularis,,"15 km E of Keimoes, South Africa",,,,
L. bromfieldii v. insularis,C043,FALSE,bromfieldii,,Y,,,v. insularis,,"15 km E of Keimoes, South Africa",,,,
L. bromfieldii v. insularis,C057,FALSE,bromfieldii,,Y,,,v. insularis,,"10 km NE of Keimoes, South Africa",,,,
L. bromfieldii v. insularis 'Sulphurea',C362,FALSE,bromfieldii,,Y,,,v. insularis,,Not Documented,,'Sulphurea',,'Sulphurea'
L. bromfieldii v. mennellii,C044,FALSE,bromfieldii,,Y,,,v. mennellii,,"TL: 25 km SSW of Upington, South Africa",,,,
L. bromfieldii v. mennellii,C283,FALSE,bromfieldii,,Y,,,v. mennellii,,"20 km SSW of Upington, South Africa",,,,
L. coleorum,C396,FALSE,coleorum,,Y,,, ,,"TL: Near Ellisras, South Africa",,,,
L. comptonii v. comptonii,C125,FALSE,comptonii,,YWC,,,v. comptonii,,"50 km ENE of Ceres, South Africa",,,,
L. comptonii v. comptonii,C377,FALSE,comptonii,,YWC,,,v. comptonii,,"70 km NE of Ceres, South Africa",,,,
L. comptonii v. weberi,C126,FALSE,comptonii,,YWC,,,v. weberi,,"TL: 70 km S of Calvinia, South Africa",,,,
L. comptonii v. weberi,C347,FALSE,comptonii,,YWC,,,v. weberi,,"70 km SSW of Calvinia, South Africa",,,,
L. dinteri ssp. dinteri v. brevis,C084,FALSE,dinteri,,Y,,ssp. dinteri,v. brevis,,"20 km SE of Vioolsdrif, South Africa",,,,
L. dinteri ssp. dinteri v. brevis,C268,FALSE,dinteri,,Y,,ssp. dinteri,v. brevis,,"55 km SW of Warmbad, Namibia",,,,
L. dinteri ssp. dinteri v. dinteri,C206,FALSE,dinteri,,Y,,ssp. dinteri,v. dinteri,,"TL: 40 km SSE of Warmbad, Namibia",,,,
L. dinteri ssp. dinteri v. dinteri 'Dintergreen',C206A,FALSE,dinteri,,Y,,ssp. dinteri,v. dinteri,,"TL: 40 km SSE of Warmbad, Namibia",,'Dintergreen',,'Dintergreen'
L. dinteri ssp. frederici,C180,FALSE,dinteri,,Y,,ssp. frederici, ,,"TL: 30 km NW of Pofadder, South Africa",,,,
L. dinteri ssp. multipunctata,C181,FALSE,dinteri,,Y,,ssp. multipunctata, ,,"TL: 65 km SE of Warmbad, Namibia",,,,
L. dinteri ssp. multipunctata,C326,FALSE,dinteri,,Y,,ssp. multipunctata, ,,"65 km SE of Warmbad, Namibia",,,,
L. divergens v. amethystina,C201,FALSE,divergens,,YWC,,,v. amethystina,,"60 km WNW of Loeriesfontein, South Africa",,,,
L. divergens v. amethystina,C270,FALSE,divergens,,YWC,,,v. amethystina,,"TL: 80 km WNW of Loeriesfontein, South Africa",,,,
L. divergens v. amethystina,C356,FALSE,divergens,,YWC,,,v. amethystina,,"45 km NW of Loeriesfontein, South Africa",,,,
L. divergens v. divergens,C202,FALSE,divergens,,YWC,,,v. divergens,,"TL: 35 km NNW of Vanrhynsdorp, South Africa",,,,
L. divergens v. divergens,C269,FALSE,divergens,,YWC,,,v. divergens,,"10 km NE of Bitterfontein, South Africa",,,,
L. dorotheae,C124,FALSE,dorotheae,,Y,,, ,,"TL: 15 km N of Pofadder, South Africa",,,,
L. dorotheae,C300,FALSE,dorotheae,,Y,,, ,,"15 km N of Pofadder, South Africa",,,,
L. francisci,C140,FALSE,francisci,,Y,,, ,,"TL: 35 km E of Lüderitz, Namibia",,,,
L. francisci,C371,FALSE,francisci,,Y,,, ,,"35 km E of Lüderitz, Namibia",,,,
L. fulviceps,C415,FALSE,fulviceps,,Y,,, ,,"20 km NE of Ai-Ais, Namibia",,,,
L. fulviceps v. fulviceps,C170,FALSE,fulviceps,,Y,,,v. fulviceps,,"40 km N of Karasburg, Namibia",,,,
L. fulviceps v. fulviceps,C220,FALSE,fulviceps,,Y,,,v. fulviceps,,"TL: 75 km N of Karasburg, Namibia",,,,
L. fulviceps v. fulviceps,C221,FALSE,fulviceps,,Y,,,v. fulviceps,,"85 km N of Karasburg, Namibia",,,,
L. fulviceps v. fulviceps,C266,FALSE,fulviceps,,Y,,,v. fulviceps,,"65 km N of Karasburg, Namibia",,,,
L. fulviceps v. fulviceps,C278,FALSE,fulviceps,,Y,,,v. fulviceps,,"70 km W of Upington, South Africa",,,,
L. fulviceps v. fulviceps,C284,FALSE,fulviceps,,Y,,,v. fulviceps,,"15 km NE of Karasburg, Namibia",,,,
L. fulviceps v. fulviceps,C390,FALSE,fulviceps,,Y,,,v. fulviceps,,"30 km NW of Grünau, Namibia",,,,
L. fulviceps v. fulviceps,C391,FALSE,fulviceps,,Y,,,v. fulviceps,,"25 km NW of Grünau, Namibia",,,,
L. fulviceps v. fulviceps 'Aurea',C363,FALSE,fulviceps,,W,,,v. fulviceps,,Not Documented,,'Aurea',,'Aurea'
L. fulviceps v. fulviceps (syn. lydiae),C219,FALSE,fulviceps,,Y,,,v. fulviceps,,"TL: 60 km N of Karasburg, Namibia",,,(syn. lydiae),(syn. lydiae)
L. fulviceps v. lactinea,C222,FALSE,fulviceps,,Y,,,v. lactinea,,"TL: 100 km ESE of Keetmanshoop, Namibia",,,,
L. fulviceps v. laevigata,C412,FALSE,fulviceps,,Y,,,v. laevigata,,"TL: 90 km NE of Pofadder, South Africa",,,,
L. gesinae v. annae,C078,FALSE,gesinae,,Y,,,v. annae,,"TL: 25 km SW of Helmeringhausen, Namibia",,,,
L. gesinae v. gesinae,C207,FALSE,gesinae,,Y,,,v. gesinae,,"TL: 70 km N of Aus, Namibia",,,,
L. gesinae v. gesinae,C406,FALSE,gesinae,,Y,,,v. gesinae,,"80 km SSW of Maltahöhe, Namibia",,,,
L. geyeri,C274,FALSE,geyeri,,YWC,,, ,,"TL: 75 km ENE of Alexander Bay, South Africa",,,,
L. geyeri (syn. hillii),C232,FALSE,geyeri,,YWC,,,,,"65 km NE of Port Nolloth, South Africa",,,(syn. hillii),(syn. hillii)
L. geyeri (syn. hillii),C233,FALSE,geyeri,,YWC,,,,,"65 km NE of Port Nolloth, South Africa",,,(syn. hillii),(syn. hillii)
L. gracilidelineata ssp. brandbergensis,C383,FALSE,gracilidelineata,,Y,,ssp. brandbergensis, ,,"TL: Brandberg, Namibia",,,,
L. gracilidelineata ssp. brandbergensis,C394,FALSE,gracilidelineata,,Y,,ssp. brandbergensis, ,,"Brandberg, Namibia",,,,
L. gracilidelineata ssp. gracilidelineata v. gracilidelineata,C261,FALSE,gracilidelineata,,Y,,ssp. gracilidelineata,v. gracilidelineata,,"TL: 75 km NW of Usakos, Namibia",,,,
L. gracilidelineata ssp. gracilidelineata v. gracilidelineata,C262,FALSE,gracilidelineata,,Y,,ssp. gracilidelineata,v. gracilidelineata,,"30 km NW of Usakos, Namibia",,,,
L. gracilidelineata ssp. gracilidelineata v. gracilidelineata,C309,FALSE,gracilidelineata,,Y,,ssp. gracilidelineata,v. gracilidelineata,,"45 km W of Usakos, Namibia",,,,
L. gracilidelineata ssp. gracilidelineata v. gracilidelineata,C367,FALSE,gracilidelineata,,Y,,ssp. gracilidelineata,v. gracilidelineata,,"150 km NW of Usakos, Namibia",,,,
L. gracilidelineata ssp. gracilidelineata v. gracilidelineata,C374,FALSE,gracilidelineata,,Y,,ssp. gracilidelineata,v. gracilidelineata,,"100 km S of Usakos, Namibia",,,,
L. gracilidelineata ssp. gracilidelineata v. gracilidelineata,C385,FALSE,gracilidelineata,,Y,,ssp. gracilidelineata,v. gracilidelineata,,"65 km E of Swakopmund, Namibia",,,,
L. gracilidelineata ssp. gracilidelineata v. gracilidelineata 'Ernst’s Witkop',C385A,FALSE,gracilidelineata,,W,,ssp. gracilidelineata,v. gracilidelineata,,"65 km ENE of Swakopmund, Namibia",,'Ernst’s Witkop',,'Ernst’s Witkop'
L. gracilidelineata ssp. gracilidelineata v. gracilidelineata (syn. streyi),C373,FALSE,gracilidelineata,,Y,,ssp. gracilidelineata,v. gracilidelineata,,"TL: 25 km SE of Fransfontein, Namibia",,,(syn. streyi),(syn. streyi)
L. gracilidelineata ssp. gracilidelineata v. waldroniae,C189,FALSE,gracilidelineata,,Y,,ssp. gracilidelineata,v. waldroniae,,"TL: 60 km SE of Swakopmund, Namibia",,,,
L. gracilidelineata ssp. gracilidelineata v. waldroniae,C243,FALSE,gracilidelineata,,Y,,ssp. gracilidelineata,v. waldroniae,,"70 km E of Swakopmund, Namibia",,,,
L. gracilidelineata ssp. gracilidelineata v. waldroniae 'Fritz’s W Lady',C189A,FALSE,gracilidelineata,,W,,ssp. gracilidelineata,v. waldroniae,,"TL: 60 km SE of Swakopmund, Namibia",,'Fritz’s W Lady',,'Fritz’s W Lady'
L. hallii v. hallii,C022,FALSE,hallii,,W,,,v. hallii,,"55 km SW of Prieska, South Africa",,,,
L. hallii v. hallii,C045,FALSE,hallii,,W,,,v. hallii,,"15 km SW of Upington, South Africa",,,,
L. hallii v. hallii,C050,FALSE,hallii,,W,,,v. hallii,,"15 km SE of Strydenburg, South Africa",,,,
L. hallii v. hallii,C052,FALSE,hallii,,W,,,v. hallii,,"25 km SSE of Hopetown, South Africa",,,,
L. hallii v. hallii,C090,FALSE,hallii,,W,,,v. hallii,,"50 km NW of Hopetown, South Africa",,,,
L. hallii v. hallii,C094,FALSE,hallii,,W,,,v. hallii,,"45 km SE of Prieska, South Africa",,,,
L. hallii v. hallii,C119,FALSE,hallii,,W,,,v. hallii,,"30 km WSW of Strydenburg, South Africa",,,,
L. hallii v. hallii,C158,FALSE,hallii,,W,,,v. hallii,,"55 km ENE of Vanwyksvlei, South Africa",,,,
L. hallii v. hallii,C174,FALSE,hallii,,W,,,v. hallii,,"25 km SE of Prieska, South Africa",,,,
L. hallii v. hallii,C176,FALSE,hallii,,W,,,v. hallii,,"20 km SE of Prieska, South Africa",,,,
L. hallii v. hallii,C318,FALSE,hallii,,W,,,v. hallii,,"45 km SSW of Prieska, South Africa",,,,
L. hallii v. hallii,C375,FALSE,hallii,,W,,,v. hallii,,"55 km N of Upington, South Africa",,,,
L. hallii v. hallii (brown Form),C135,FALSE,hallii,,W,,,v. hallii,(brown Form),"20 km SE of Strydenburg, South Africa",,,,
L. hallii v. hallii (brown Form),C136,FALSE,hallii,,W,,,v. hallii,(brown Form),"35 km ENE of Strydenburg, South Africa",,,,
L. hallii v. hallii (syn. salicola reticulata),C087,FALSE,hallii,,W,,,v. hallii,,"TL: 30 km SE of Hopetown, South Africa",,,(syn. salicola reticulata),(syn. salicola reticulata)
L. hallii v. ochracea,C039,FALSE,hallii,,W,,,v. ochracea,,"5 km NE of Groblershoop, South Africa",,,,
L. hallii v. ochracea,C059,FALSE,hallii,,W,,,v. ochracea,,"TL: 10 km NW of Upington, South Africa",,,,
L. hallii v. ochracea,C098,FALSE,hallii,,W,,,v. ochracea,,"50 km NNW of Upington, South Africa",,,,
L. hallii v. ochracea,C111,FALSE,hallii,,W,,,v. ochracea,,"35 km WNW of Prieska, South Africa",,,,
L. hallii v. ochracea,C142A,FALSE,hallii,,W,,,v. ochracea,,"30 km NW of Niekerkshoop, South Africa",,,,
L. hallii v. ochracea,C303,FALSE,hallii,,W,,,v. ochracea,,"30 km E of Kenhardt, South Africa",,,,
L. hallii v. ochracea,C372,FALSE,hallii,,W,,,v. ochracea,,"15 km SW of Upington, South Africa",,,,
L. hallii v. ochracea 'Green Soapstone',C111A,FALSE,hallii,,W,,,v. ochracea,,"35 km WNW of Prieska, South Africa",,'Green Soapstone',,'Green Soapstone'
L. helmutii,C271,FALSE,helmutii,,YWC,,, ,,"TL: 15 km NE of Steinkopf, South Africa",,,,
L. hermetica ,C397,FALSE,hermetica,,Y,,, ,,"TL: 140 km SE of Lüderitz, Namibia",,,,
L. hermetica 'Green Diamond' ,C397A,FALSE,hermetica,,Y,,,,,"TL: 140 km SE of Lüderitz, Namibia",,'Green Diamond' ,,'Green Diamond' 
L. herrei,C213,FALSE,herrei,,YWC,,, ,,"65 km NE of Alexander Bay, South Africa",,,,
L. herrei,C234,FALSE,herrei,,YWC,,, ,,"70 km NE of Alexander Bay, South Africa",,,,
L. herrei,C235,FALSE,herrei,,YWC,,, ,,"TL: 35 km NE of Alexander Bay, South Africa",,,,
L. herrei,C355,FALSE,herrei,,YWC,,, ,,"65 km NNE of Oranjemund, Namibia",,,,
L. herrei,C361,FALSE,herrei,,YWC,,, ,,"30 km NE of Alexander Bay, South Africa",,,,
L. herrei (syn. translucens),C236,FALSE,herrei,,YWC,,,,,"15 km NE of Alexander Bay, South Africa",,,(syn. translucens),(syn. translucens)
L. herrei (syn. translucens),C237,FALSE,herrei,,YWC,,,,,"15 km E of Alexander Bay, South Africa",,‘Splendido',(syn. translucens),(syn. translucens)
L. hookeri v. dabneri,C013,FALSE,hookeri,,Y,,,v. dabneri,,"TL: 25 km S of Kimberley, South Africa",,,,
L. hookeri v. dabneri,C085,FALSE,hookeri,,Y,,,v. dabneri,,"35 km W of Kimberley, South Africa",,,,
L. hookeri v. dabneri,C301,FALSE,hookeri,,Y,,,v. dabneri,,"20 km NNE of Douglas, South Africa",,,,
L. hookeri v. elephina,C092,FALSE,hookeri,,Y,,,v. elephina,,"TL: 10 km N of Britstown, South Africa",,,,
L. hookeri v. elephina,C093,FALSE,hookeri,,Y,,,v. elephina,,"25 km NE of Britstown, South Africa",,,,
L. hookeri v. hookeri,C110,FALSE,hookeri,,Y,,,v. hookeri,,"50 km NW of Marydale, South Africa",,,,
L. hookeri v. hookeri,C112,FALSE,hookeri,,Y,,,v. hookeri,,"40 km WNW of Prieska, South Africa",,,,
L. hookeri v. hookeri,C113,FALSE,hookeri,,Y,,,v. hookeri,,"10 km NW of Niekerkshoop, South Africa",,,,
L. hookeri v. hookeri,C114,FALSE,hookeri,,Y,,,v. hookeri,,"15 km NW of Niekerkshoop, South Africa",,,,
L. hookeri v. hookeri,C118,FALSE,hookeri,,Y,,,v. hookeri,,"25 km W of Strydenburg, South Africa",,,,
L. hookeri v. hookeri,C142B,FALSE,hookeri,,Y,,,v. hookeri,,"30 km NW of Niekerkshoop, South Africa",,,,
L. hookeri v. hookeri,C340,FALSE,hookeri,,Y,,,v. hookeri,,"Near Marydale, South Africa",,,,
L. hookeri v. hookeri,C420,FALSE,hookeri,,Y,,,v. hookeri,,"50 km SW of Hopetown, South Africa",,,,
L. hookeri v. hookeri (vermiculate Form),C023,FALSE,hookeri,,Y,,,v. hookeri,(vermiculate Form),"55 km SW of Prieska, South Africa",,,,
L. hookeri v. hookeri (vermiculate Form),C051,FALSE,hookeri,,Y,,,v. hookeri,(vermiculate Form),"15 km NW of Strydenburg, South Africa",,,,
L. hookeri v. hookeri (vermiculate Form),C335,FALSE,hookeri,,Y,,,v. hookeri,(vermiculate Form),"30 km WSW of Strydenburg, South Africa",,,,
L. hookeri v. hookeri (vermiculate Form),C336,FALSE,hookeri,,Y,,,v. hookeri,(vermiculate Form),"45 km SSW of Prieska, South Africa",,,,
L. hookeri v. lutea,C038,FALSE,hookeri,,Y,,,v. lutea,,"TL: 5 km NE of Groblershoop, South Africa",,,,
L. hookeri v. marginata,C035,FALSE,hookeri,,Y,,,v. marginata,,"TL: 25 km SE of Hopetown, South Africa",,,,
L. hookeri v. marginata,C137,FALSE,hookeri,,Y,,,v. marginata,,"35 km E of Hopetown, South Africa",,,,
L. hookeri v. marginata,C338,FALSE,hookeri,,Y,,,v. marginata,,"35 km SE of Hopetown, South Africa",,,,
L. hookeri v. marginata (cerise Form),C088,FALSE,hookeri,,Y,,,v. marginata,(cerise Form),"20 km ENE of Hopetown, South Africa",,,,
L. hookeri v. marginata (red-brown Form),C053,FALSE,hookeri,,Y,,,v. marginata,(red-brown Form),"25 km SW of Douglas, South Africa",,,,
L. hookeri v. marginata (red-brown Form),C089,FALSE,hookeri,,Y,,,v. marginata,(red-brown Form),"25 km NW of Hopetown, South Africa",,,,
L. hookeri v. marginata (red-brown Form),C154,FALSE,hookeri,,Y,,,v. marginata,(red-brown Form),"30 km NW of Hopetown, South Africa",,,,
L. hookeri v. marginata (red-brown Form),C155,FALSE,hookeri,,Y,,,v. marginata,(red-brown Form),"30 km NW of Hopetown, South Africa",,,,
L. hookeri v. marginata (red-brown Form),C337,FALSE,hookeri,,Y,,,v. marginata,(red-brown Form),"30 km SE of Douglas, South Africa",,,,
L. hookeri v. subfenestrata,C021,FALSE,hookeri,,Y,,,v. subfenestrata,,"TL: 15 km SSW of Prieska, South Africa",,,,
L. hookeri v. subfenestrata,C156,FALSE,hookeri,,Y,,,v. subfenestrata,,"5 km N of Prieska, South Africa",,,,
L. hookeri v. subfenestrata,C175,FALSE,hookeri,,Y,,,v. subfenestrata,,"20 km SSE of Prieska, South Africa",,,,
L. hookeri v. subfenestrata (syn. brunneoviolacea),C019,FALSE,hookeri,,Y,,,v. subfenestrata,,"TL: 40 km SW of Griquatown, South Africa",,,(syn. brunneoviolacea),(syn. brunneoviolacea)
L. hookeri v. susannae,C091,FALSE,hookeri,,Y,,,v. susannae,,"TL: 30 km SE of Douglas, South Africa",,,,
L. julii ssp. fulleri,C416,FALSE,julii,,W,,ssp. fulleri, ,,"65 km W of Kakamas, South Africa",,,,
L. julii ssp. fulleri v. brunnea,C179,FALSE,julii,,W,,ssp. fulleri,v. brunnea,,"TL: 10 km NE of Pofadder, South Africa",,,,
L. julii ssp. fulleri v. fulleri,C024,FALSE,julii,,W,,ssp. fulleri,v. fulleri,,"5 km N of Kenhardt, South Africa",,,,
L. julii ssp. fulleri v. fulleri,C056,FALSE,julii,,W,,ssp. fulleri,v. fulleri,,"25 km SW of Pofadder, South Africa",,,,
L. julii ssp. fulleri v. fulleri,C062,FALSE,julii,,W,,ssp. fulleri,v. fulleri,,"Near Kakamas, South Africa",,,,
L. julii ssp. fulleri v. fulleri,C121,FALSE,julii,,W,,ssp. fulleri,v. fulleri,,"115 km W of Kenhardt, South Africa",,,,
L. julii ssp. fulleri v. fulleri,C122,FALSE,julii,,W,,ssp. fulleri,v. fulleri,,"125 km W of Kenhardt, South Africa",,,,
L. julii ssp. fulleri v. fulleri,C161,FALSE,julii,,W,,ssp. fulleri,v. fulleri,,"Near Pofadder, South Africa",,,,
L. julii ssp. fulleri v. fulleri,C162A,FALSE,julii,,W,,ssp. fulleri,v. fulleri,,"70 km WSW of Pofadder, South Africa",,,,
L. julii ssp. fulleri v. fulleri,C171,FALSE,julii,,W,,ssp. fulleri,v. fulleri,,"60 km W of Upington, South Africa",,,,
L. julii ssp. fulleri v. fulleri,C203,FALSE,julii,,W,,ssp. fulleri,v. fulleri,,"15 km SSE of Kenhardt, South Africa",,,,
L. julii ssp. fulleri v. fulleri,C230B,FALSE,julii,,W,,ssp. fulleri,v. fulleri,,"75 km E of Gamoep, South Africa",,,,
L. julii ssp. fulleri v. fulleri,C259,FALSE,julii,,W,,ssp. fulleri,v. fulleri,,"40 km ENE of Gamoep, South Africa",,,,
L. julii ssp. fulleri v. fulleri,C319,FALSE,julii,,W,,ssp. fulleri,v. fulleri,,"5 km NE of Pofadder, South Africa",,,,
L. julii ssp. fulleri v. fulleri,C323,FALSE,julii,,W,,ssp. fulleri,v. fulleri,,"25 km SW of Upington, South Africa",,,,
L. julii ssp. fulleri v. fulleri,C378,FALSE,julii,,W,,ssp. fulleri,v. fulleri,,"65 km NE of Springbok, South Africa",,,,
L. julii ssp. fulleri v. fulleri 'Fullergreen',C056A,FALSE,julii,,W,,ssp. fulleri,v. fulleri,,"25 km SW of Pofadder, South Africa",,'Fullergreen',,'Fullergreen'
L. julii ssp. fulleri v. rouxii,C215,FALSE,julii,,W,,ssp. fulleri,v. rouxii,,"75 km WSW of Warmbad, Namibia",,,,
L. julii ssp. fulleri v. rouxii,C216,FALSE,julii,,W,,ssp. fulleri,v. rouxii,,"60 km WSW of Warmbad, Namibia",,,,
L. julii ssp. fulleri v. rouxii,C217,FALSE,julii,,W,,ssp. fulleri,v. rouxii,,"70 km WSW of Warmbad, Namibia",,,,
L. julii ssp. fulleri v. rouxii,C324,FALSE,julii,,W,,ssp. fulleri,v. rouxii,,"55 km W of Warmbad, Namibia",,,,
L. julii ssp. julii,C063,FALSE,julii,,W,,ssp. julii, ,,"60 km SE of Warmbad, Namibia",,,,
L. julii ssp. julii,C064,FALSE,julii,,W,,ssp. julii, ,,"Near Karasburg, Namibia",,,,
L. julii ssp. julii,C183,FALSE,julii,,W,,ssp. julii, ,,"25 km SE of Warmbad, Namibia",,,,
L. julii ssp. julii,C297,FALSE,julii,,W,,ssp. julii, ,,"45 km SE of Warmbad, Namibia",,,,
L. julii ssp. julii,C349,FALSE,julii,,W,,ssp. julii, ,,"45 km SE of Warmbad, Namibia",,,,
L. julii ssp. julii 'Peppermint Crème',C297A,FALSE,julii,,W,,ssp. julii,,,"TL: 45 km SE of Warmbad, Namibia",,'Peppermint Crème',,'Peppermint Crème'
L. julii ssp. julii (syn. chrysocephala),C205,FALSE,julii,,W,,ssp. julii,,,"50 km SE of Warmbad, Namibia",,,(syn. chrysocephala),(syn. chrysocephala)
L. julii ssp. julii (syn. littlewoodii),C218,FALSE,julii,,W,,ssp. julii,,,"TL: 40 km WSW of Warmbad, Namibia",,,(syn. littlewoodii),(syn. littlewoodii)
L. karasmontana ssp. bella,C108,FALSE,karasmontana,,W,,ssp. bella, ,,"TL: 5 km S of Aus, Namibia",,,,
L. karasmontana ssp. bella,C143A,TRUE,karasmontana,,W,,ssp. bella, ,,"60 km NNE of Aus, Namibia",,,,
L. karasmontana ssp. bella,C285,FALSE,karasmontana,,W,,ssp. bella, ,,"Near Aus, Namibia",,,,
L. karasmontana ssp. bella,C295,FALSE,karasmontana,,W,,ssp. bella, ,,"115 km SSE of Aus, Namibia",,,,
L. karasmontana ssp. eberlanzii,C082,FALSE,karasmontana,,W,,ssp. eberlanzii, ,,"35 km E of Lüderitz, Namibia",,,,
L. karasmontana ssp. eberlanzii,C208,FALSE,karasmontana,,W,,ssp. eberlanzii, ,,"10 km S of Aus, Namibia",,,,
L. karasmontana ssp. eberlanzii,C369,FALSE,karasmontana,,W,,ssp. eberlanzii, ,,"TL: 20 km E of Lüderitz, Namibia",,,,
L. karasmontana ssp. eberlanzii,C370,FALSE,karasmontana,,W,,ssp. eberlanzii, ,,"35 km E of Lüderitz, Namibia",,,,
L. karasmontana ssp. eberlanzii,C398,FALSE,karasmontana,,W,,ssp. eberlanzii, ,,"45 km E of Lüderitz, Namibia",,,,
L. karasmontana ssp. eberlanzii,C399,FALSE,karasmontana,,W,,ssp. eberlanzii, ,,"45 km E of Lüderitz, Namibia",,,,
L. karasmontana ssp. eberlanzii,C400,FALSE,karasmontana,,W,,ssp. eberlanzii, ,,"45 km E of Lüderitz, Namibia",,,,
L. karasmontana ssp. eberlanzii,C401,FALSE,karasmontana,,W,,ssp. eberlanzii, ,,"25 km SE of Lüderitz, Namibia",,,,
L. karasmontana ssp. eberlanzii,C405,FALSE,karasmontana,,W,,ssp. eberlanzii, ,,"50 km E of Lüderitz, Namibia",,,,
L. karasmontana ssp. eberlanzii 'Avocado Cream',C370A,FALSE,karasmontana,,W,,ssp. eberlanzii,,,"TL: 35 km E of Lüderitz, Namibia",,'Avocado Cream',,'Avocado Cream'
L. karasmontana ssp. eberlanzii 'Avocado Cream',C402,FALSE,karasmontana,,W,,ssp. eberlanzii,,,"40 km E of Lüderitz, Namibia",,'Avocado Cream',,'Avocado Cream'
L. karasmontana ssp. eberlanzii (syn. erniana witputzensis),C149,FALSE,karasmontana,,W,,ssp. eberlanzii,,,"TL: 110 km SSE of Aus, Namibia",,,(syn. erniana witputzensis),(syn. erniana witputzensis)
L. karasmontana ssp. eberlanzii (syn. erniana),C147,FALSE,karasmontana,,W,,ssp. eberlanzii,,,"40 km S of Aus, Namibia",,,(syn. erniana),(syn. erniana)
L. karasmontana ssp. eberlanzii (syn. erniana),C209,FALSE,karasmontana,,W,,ssp. eberlanzii,,,"10 km SSE of Aus, Namibia",,,(syn. erniana),(syn. erniana)
L. karasmontana ssp. karasmontana v. aiaisensis,C224,FALSE,karasmontana,,W,,ssp. karasmontana,v. aiaisensis,,"TL: 110 km W of Karasburg, Namibia",,,,
L. karasmontana ssp. karasmontana v. aiaisensis,C409,FALSE,karasmontana,,W,,ssp. karasmontana,v. aiaisensis,,"30 km E of Ai-Ais, Namibia",,,,
L. karasmontana ssp. karasmontana v. immaculata,C417,FALSE,karasmontana,,W,,ssp. karasmontana,v. immaculata,,"TL: 10 km N of Grünau, Namibia",,,,
L. karasmontana ssp. karasmontana v. karasmontana,C223,FALSE,karasmontana,,W,,ssp. karasmontana,v. karasmontana,,"25 km NE of Grünau, Namibia",,,,
L. karasmontana ssp. karasmontana v. karasmontana,C225,FALSE,karasmontana,,W,,ssp. karasmontana,v. karasmontana,,"30 km NW of Grünau, Namibia",,,,
L. karasmontana ssp. karasmontana v. karasmontana,C226,FALSE,karasmontana,,W,,ssp. karasmontana,v. karasmontana,,"25 km W of Grünau, Namibia",,,,
L. karasmontana ssp. karasmontana v. karasmontana,C408,TRUE,karasmontana,,W,,ssp. karasmontana,v. karasmontana,,"40 km NE of Ai-Ais, Namibia",,,,
L. karasmontana ssp. karasmontana v. karasmontana (Signalberg Form),C065,FALSE,karasmontana,,W,,ssp. karasmontana,v. karasmontana,(Signalberg Form),"25 km WNW of Grünau, Namibia",,,,
L. karasmontana ssp. karasmontana v. karasmontana (Signalberg Form),C328,FALSE,karasmontana,,W,,ssp. karasmontana,v. karasmontana,(Signalberg Form),"25 km WNW of Grünau, Namibia",,,,
L. karasmontana ssp. karasmontana v. karasmontana (syn. jacobseniana),C227,TRUE,karasmontana,,W,,ssp. karasmontana,v. karasmontana,,"TL: 10 km SW of Grünau, Namibia",,,(syn. jacobseniana),(syn. jacobseniana)
L. karasmontana ssp. karasmontana v. karasmontana (syn. mickbergensis),C168,FALSE,karasmontana,,W,,ssp. karasmontana,v. karasmontana,,"10 km NNE of Grünau, Namibia",,,(syn. mickbergensis),(syn. mickbergensis)
L. karasmontana ssp. karasmontana v. karasmontana (syn. mickbergensis),C169,FALSE,karasmontana,,W,,ssp. karasmontana,v. karasmontana,,"20 km NE of Grünau, Namibia",,,(syn. mickbergensis),(syn. mickbergensis)
L. karasmontana ssp. karasmontana v. karasmontana (syn. mickbergensis),C317,FALSE,karasmontana,,W,,ssp. karasmontana,v. karasmontana,,"15 km NE of Grünau, Namibia",,,(syn. mickbergensis),(syn. mickbergensis)
L. karasmontana ssp. karasmontana v. karasmontana (syn. mickbergensis),C327,FALSE,karasmontana,,W,,ssp. karasmontana,v. karasmontana,,"15 km NNE of Grünau, Namibia",,,(syn. mickbergensis),(syn. mickbergensis)
L. karasmontana ssp. karasmontana v. lericheana,C193,FALSE,karasmontana,,W,,ssp. karasmontana,v. lericheana,,"50 km NNE of Grünau, Namibia",,,,
L. karasmontana ssp. karasmontana v. lericheana,C267,FALSE,karasmontana,,W,,ssp. karasmontana,v. lericheana,,"TL: 70 km N of Karasburg, Namibia",,,,
L. karasmontana ssp. karasmontana v. lericheana,C329,FALSE,karasmontana,,W,,ssp. karasmontana,v. lericheana,,"70 km N of Karasburg, Namibia",,,,
L. karasmontana ssp. karasmontana v. lericheana,C330,FALSE,karasmontana,,W,,ssp. karasmontana,v. lericheana,,"70 km N of Karasburg, Namibia",,,,
L. karasmontana ssp. karasmontana v. tischeri,C182,FALSE,karasmontana,,W,,ssp. karasmontana,v. tischeri,,"TL: 30 km NNE of Grünau, Namibia",,,,
L. lesliei ssp. burchellii,C302,FALSE,lesliei,,Y,,ssp. burchellii, ,,"TL: 20 km NNE of Douglas, South Africa",,,,
L. lesliei ssp. burchellii,C308,FALSE,lesliei,,Y,,ssp. burchellii, ,,"10 km NNE of Douglas, South Africa",,,,
L. lesliei ssp. lesliei v. hornii,C015,FALSE,lesliei,,Y,,ssp. lesliei,v. hornii,,"40 km SW of Kimberley, South Africa",,,,
L. lesliei ssp. lesliei v. hornii,C364,FALSE,lesliei,,Y,,ssp. lesliei,v. hornii,,"TL: 45 km SSW of Kimberley, South Africa",,,,
L. lesliei ssp. lesliei v. hornii 'Greenhorn',C015A,FALSE,lesliei,,Y,,ssp. lesliei,v. hornii,,"40 km SW of Kimberley, South Africa",,'Greenhorn',,'Greenhorn'
L. lesliei ssp. lesliei v. lesliei,C007,FALSE,lesliei,,Y,,ssp. lesliei,v. lesliei,,"15 km S of Johannesburg, South Africa",,,,
L. lesliei ssp. lesliei v. lesliei,C010,FALSE,lesliei,,Y,,ssp. lesliei,v. lesliei,,"25 km SW of Lobatse, Botswana",,,,
L. lesliei ssp. lesliei v. lesliei,C018,FALSE,lesliei,,Y,,ssp. lesliei,v. lesliei,,"Near Stella, South Africa",,,,
L. lesliei ssp. lesliei v. lesliei,C026,FALSE,lesliei,,Y,,ssp. lesliei,v. lesliei,,"60 km SW of Johannesburg, South Africa",,,,
L. lesliei ssp. lesliei v. lesliei,C027,FALSE,lesliei,,Y,,ssp. lesliei,v. lesliei,,"Near Bethlehem, South Africa",,,,
L. lesliei ssp. lesliei v. lesliei,C028,FALSE,lesliei,,Y,,ssp. lesliei,v. lesliei,,"10 km N of Harrismith, South Africa",,,,
L. lesliei ssp. lesliei v. lesliei,C029,FALSE,lesliei,,Y,,ssp. lesliei,v. lesliei,,"45 km NE of Vaalwater, South Africa",,,,
L. lesliei ssp. lesliei v. lesliei,C031,FALSE,lesliei,,Y,,ssp. lesliei,v. lesliei,,"10 km NE of Meyerton, South Africa",,,,
L. lesliei ssp. lesliei v. lesliei,C033,FALSE,lesliei,,Y,,ssp. lesliei,v. lesliei,,"45 km E of Pietersburg, South Africa",,,,
L. lesliei ssp. lesliei v. lesliei,C115,FALSE,lesliei,,Y,,ssp. lesliei,v. lesliei,,"5 km NW of Vryburg, South Africa",,,,
L. lesliei ssp. lesliei v. lesliei,C138,FALSE,lesliei,,Y,,ssp. lesliei,v. lesliei,,"Near Benoni, South Africa",,,,
L. lesliei ssp. lesliei v. lesliei,C139,FALSE,lesliei,,Y,,ssp. lesliei,v. lesliei,,"5 km E of Benoni, South Africa",,,,
L. lesliei ssp. lesliei v. lesliei,C331,FALSE,lesliei,,Y,,ssp. lesliei,v. lesliei,,"15 km SSE of Pretoria, South Africa",,,,
L. lesliei ssp. lesliei v. lesliei,C342,FALSE,lesliei,,Y,,ssp. lesliei,v. lesliei,,"10 km NE of Pretoria, South Africa",,,,
L. lesliei ssp. lesliei v. lesliei,C343,FALSE,lesliei,,Y,,ssp. lesliei,v. lesliei,,"Near Vanderbijlpark, South Africa",,,,
L. lesliei ssp. lesliei v. lesliei,C344,FALSE,lesliei,,Y,,ssp. lesliei,v. lesliei,,"Near Orkney, South Africa",,,,
L. lesliei ssp. lesliei v. lesliei,C352,FALSE,lesliei,,Y,,ssp. lesliei,v. lesliei,,"45 km E of Pietersburg, South Africa",,,,
L. lesliei ssp. lesliei v. lesliei,C358,FALSE,lesliei,,Y,,ssp. lesliei,v. lesliei,,"25 km W of Lobatse, Botswana",,,,
L. lesliei ssp. lesliei v. lesliei,C407,FALSE,lesliei,,Y,,ssp. lesliei,v. lesliei,,"15 km N of Krugersdorp, South Africa",,,,
L. lesliei ssp. lesliei v. lesliei 'Albiflora',C005A,FALSE,lesliei,,Y,,ssp. lesliei,v. lesliei,,"TL: Near Warrenton, South Africa",,'Albiflora',,'Albiflora'
L. lesliei ssp. lesliei v. lesliei 'Albinica',C036A,FALSE,lesliei,,W,,ssp. lesliei,v. lesliei,,"TL: Near Warrenton, South Africa",,'Albinica',,'Albinica'
L. lesliei ssp. lesliei v. lesliei 'Storms’s Albinigold',C036B,FALSE,lesliei,,W,,ssp. lesliei,v. lesliei,,"Near Warrenton, South Africa",,'Storms’s Albinigold',,'Storms’s Albinigold'
L. lesliei ssp. lesliei v. lesliei (grey Form),C008,FALSE,lesliei,,Y,,ssp. lesliei,v. lesliei,(grey Form),"70 km W of Mafikeng, South Africa",,,,
L. lesliei ssp. lesliei v. lesliei (grey Form),C009,FALSE,lesliei,,Y,,ssp. lesliei,v. lesliei,(grey Form),"70 km W of Mafikeng, South Africa",,,,
L. lesliei ssp. lesliei v. lesliei (grey Form),C151,FALSE,lesliei,,Y,,ssp. lesliei,v. lesliei,(grey Form),"25 km NW of Christiana, South Africa",,,,
L. lesliei ssp. lesliei v. lesliei (grey Form),C359,FALSE,lesliei,,Y,,ssp. lesliei,v. lesliei,(grey Form),"115 km SW of Lobatse, Botswana",,,,
L. lesliei ssp. lesliei v. lesliei (Kimberley Form),C014,FALSE,lesliei,,Y,,ssp. lesliei,v. lesliei,(Kimberley Form),"15 km NW of Kimberley, South Africa",,,,
L. lesliei ssp. lesliei v. lesliei (Kimberley Form),C341,FALSE,lesliei,,Y,,ssp. lesliei,v. lesliei,(Kimberley Form),"20 km NW of Kimberley, South Africa",,,,
L. lesliei ssp. lesliei v. lesliei (Kimberley Form),C354,FALSE,lesliei,,Y,,ssp. lesliei,v. lesliei,(Kimberley Form),"15 km NW of Kimberley, South Africa",,,,
L. lesliei ssp. lesliei v. lesliei (Pietersburg Form),C030,FALSE,lesliei,,Y,,ssp. lesliei,v. lesliei,(Pietersburg Form),"30 km NW of Pietersburg, South Africa",,,,
L. lesliei ssp. lesliei v. lesliei (Pietersburg Form),C032,FALSE,lesliei,,Y,,ssp. lesliei,v. lesliei,(Pietersburg Form),"10 km SE of Pietersburg, South Africa",,,,
L. lesliei ssp. lesliei v. lesliei (syn. luteoviridis),C020,FALSE,lesliei,,Y,,ssp. lesliei,v. lesliei,,"TL: 15 km W of Magaliesburg, South Africa",,,(syn. luteoviridis),(syn. luteoviridis)
L. lesliei ssp. lesliei v. lesliei (Warrenton Form),C005,FALSE,lesliei,,Y,,ssp. lesliei,v. lesliei,(Warrenton Form),"Near Warrenton, South Africa",,,,
L. lesliei ssp. lesliei v. lesliei (Warrenton Form),C036,FALSE,lesliei,,Y,,ssp. lesliei,v. lesliei,(Warrenton Form),"Near Warrenton, South Africa",,,,
L. lesliei ssp. lesliei v. lesliei (Warrenton Form),C096,FALSE,lesliei,,Y,,ssp. lesliei,v. lesliei,(Warrenton Form),"25 km N of Kimberley, South Africa",,,,
L. lesliei ssp. lesliei v. mariae,C141,FALSE,lesliei,,Y,,ssp. lesliei,v. mariae,,"TL: 10 km SW of Boshof, South Africa",,,,
L. lesliei ssp. lesliei v. mariae,C152,FALSE,lesliei,,Y,,ssp. lesliei,v. mariae,,"30 km NNE of Kimberley, South Africa",,,,
L. lesliei ssp. lesliei v. minor,C006,FALSE,lesliei,,Y,,ssp. lesliei,v. minor,,"TL: 25 km SW of Swartruggens, South Africa",,,,
L. lesliei ssp. lesliei v. minor 'Witblom',C006A,FALSE,lesliei,,W,,ssp. lesliei,v. minor,,"25 km SW of Swartruggens, South Africa",,'Witblom',,'Witblom'
L. lesliei ssp. lesliei v. rubrobrunnea,C017,FALSE,lesliei,,Y,,ssp. lesliei,v. rubrobrunnea,,"TL: 5 km NW of Randfontein, South Africa",,,,
L. lesliei ssp. lesliei v. rubrobrunnea,C204,FALSE,lesliei,,Y,,ssp. lesliei,v. rubrobrunnea,,"5 km NW of Krugersdorp, South Africa",,,,
L. lesliei ssp. lesliei v. venteri,C001,FALSE,lesliei,,Y,,ssp. lesliei,v. venteri,,"30 km NW of Warrenton, South Africa",,,,
L. lesliei ssp. lesliei v. venteri,C047,FALSE,lesliei,,Y,,ssp. lesliei,v. venteri,,"TL: 30 km W of Warrenton, South Africa",,,,
L. lesliei ssp. lesliei v. venteri (syn. maraisii),C153,FALSE,lesliei,,Y,,ssp. lesliei,v. venteri,,"TL: 60 km NW of Kimberley, South Africa",,,(syn. maraisii),(syn. maraisii)
L. marmorata v. elisae,C214,FALSE,marmorata,,W,,,v. elisae,,"35 km SE of Vioolsdrif, South Africa",,,,
L. marmorata v. elisae,C251,FALSE,marmorata,,W,,,v. elisae,,"TL: 30 km SE of Vioolsdrif, South Africa",,,,
L. marmorata v. elisae,C252,FALSE,marmorata,,W,,,v. elisae,,"30 km SSE of Vioolsdrif, South Africa",,,,
L. marmorata v. marmorata,C163,FALSE,marmorata,,W,,,v. marmorata,,"25 km NE of Steinkopf, South Africa",,,,
L. marmorata v. marmorata,C305,FALSE,marmorata,,W,,,v. marmorata,,"40 km NNE of Steinkopf, South Africa",,,,
L. marmorata v. marmorata,C360,FALSE,marmorata,,W,,,v. marmorata,,"35 km NE of Steinkopf, South Africa",,,,
L. marmorata v. marmorata (syn. diutina),C260,FALSE,marmorata,,W,,,v. marmorata,,"15 km ENE of Steinkopf, South Africa",,,(syn. diutina),(syn. diutina)
L. marmorata v. marmorata (syn. framesii),C058,FALSE,marmorata,,W,,,v. marmorata,,"45 km ENE of Springbok, South Africa",,,(syn. framesii),(syn. framesii)
L. marmorata v. marmorata (syn. framesii),C365,FALSE,marmorata,,W,,,v. marmorata,,"60 km NE of Springbok, South Africa",,,(syn. framesii),(syn. framesii)
L. meyeri,C212,FALSE,meyeri,,YWC,,, ,,"TL: 40 km NNE of Port Nolloth, South Africa",,,,
L. meyeri,C272,FALSE,meyeri,,YWC,,, ,,"45 km NNE of Port Nolloth, South Africa",,,,
L. meyeri,C273,FALSE,meyeri,,YWC,,, ,,"55 km NNE of Port Nolloth, South Africa",,,,
L. meyeri,C419,FALSE,meyeri,,YWC,,, ,,"45 km NNE of Port Nolloth, South Africa",,,,
L. meyeri 'Hammeruby',C272A,FALSE,meyeri,,YWC,,,,,"TL: 45 km NNE of Port Nolloth, South Africa",,'Hammeruby',,'Hammeruby'
L. naureeniae,C304,FALSE,naureeniae,,YWC,,, ,,"TL: 60 km SE of Springbok, South Africa",,,,
L. olivacea v. nebrownii,C162B,FALSE,olivacea,,YWC,,,v. nebrownii,,"TL: 70 km WSW of Pofadder, South Africa",,,,
L. olivacea v. nebrownii,C403,FALSE,olivacea,,YWC,,,v. nebrownii,,"Near Aggeneys, South Africa",,,,
L. olivacea v. olivacea,C055,FALSE,olivacea,,YWC,,,v. olivacea,,"25 km SW of Pofadder, South Africa",,,,
L. olivacea v. olivacea,C109,FALSE,olivacea,,YWC,,,v. olivacea,,"10 km N of Pofadder, South Africa",,,,
L. optica,C081,FALSE,optica,,W,,, ,,"10 km W of Lüderitz, Namibia",,,,
L. optica,C275,FALSE,optica,,W,,, ,,"10 km N of Lüderitz, Namibia",,,,
L. optica,C276,FALSE,optica,,W,,, ,,"10 km S of Lüderitz, Namibia",,,,
L. optica,C277,FALSE,optica,,W,,, ,,"10 km SW of Lüderitz, Namibia",,,,
L. optica,C286,FALSE,optica,,W,,, ,,"10 km SW of Lüderitz, Namibia",,,,
L. optica,C288,FALSE,optica,,W,,, ,,"40 km SSE of Lüderitz, Namibia",,,,
L. optica,C289,FALSE,optica,,W,,, ,,"TL: 50 km S of Lüderitz, Namibia",,,,
L. optica,C290,FALSE,optica,,W,,, ,,"65 km S of Lüderitz, Namibia",,,,
L. optica,C292,FALSE,optica,,W,,, ,,"120 km SSE of Lüderitz, Namibia",,,,
L. optica,C294,FALSE,optica,,W,,, ,,"140 km SSE of Lüderitz, Namibia",,,,
L. optica,C307,FALSE,optica,,W,,, ,,"170 km SSE of Lüderitz, Namibia",,,,
L. optica,C310,FALSE,optica,,W,,, ,,"160 km SSE of Lüderitz, Namibia",,,,
L. optica,C404,FALSE,optica,,W,,, ,,"15 km N of Bogenfels, Namibia",,,,
L. optica,C414,FALSE,optica,,W,,, ,,"Near Diaz Point, Lüderitz, Namibia",,,,
L. optica 'Rubra',C081A,FALSE,optica,,W,,,,,"10 km W of Lüderitz, Namibia",,'Rubra',,'Rubra'
L. optica ‘Rubragold',C287,FALSE,optica,,YWC,,,,,"10 km SW of Lüderitz, Namibia",,‘Rubragold',,‘Rubragold'
L. optica (maculate Form),C291,FALSE,optica,,W,,,,(maculate Form),"100 km SSE of Lüderitz, Namibia",,,,
L. optica (maculate Form),C293,FALSE,optica,,W,,,,(maculate Form),"95 km SSE of Lüderitz, Namibia",,,,
L. optica (maculate Form),C311,FALSE,optica,,W,,,,(maculate Form),"45 km SE of Lüderitz, Namibia",,,,
L. otzeniana,C128,FALSE,otzeniana,,YWC,,, ,,"TL: 35 km NNW of Loeriesfontein, South Africa",,,,
L. otzeniana,C280,FALSE,otzeniana,,YWC,,, ,,"45 km NNW of Loeriesfontein, South Africa",,,,
L. otzeniana,C350,FALSE,otzeniana,,YWC,,, ,,"40 km NNW of Loeriesfontein, South Africa",,,,
L. otzeniana 'Aquamarine',C128A,TRUE,otzeniana,,YWC,,,,,"35 km NNW of Loeriesfontein, South Africa",,'Aquamarine',,'Aquamarine'
L. pseudotruncatella ssp. archerae,C104,FALSE,pseudotruncatella,,Y,,ssp. archerae, ,,"120 km NW of Maltahöhe, Namibia",,,,
L. pseudotruncatella ssp. archerae,C306,FALSE,pseudotruncatella,,Y,,ssp. archerae, ,,"TL: 120 km NW of Maltahöhe, Namibia",,,,
L. pseudotruncatella ssp. dendritica,C072,FALSE,pseudotruncatella,,Y,,ssp. dendritica, ,,"65 km WSW of Rehoboth, Namibia",,,,
L. pseudotruncatella ssp. dendritica,C073,FALSE,pseudotruncatella,,Y,,ssp. dendritica, ,,"95 km WSW of Rehoboth, Namibia",,,,
L. pseudotruncatella ssp. dendritica,C357,FALSE,pseudotruncatella,,Y,,ssp. dendritica, ,,"75 km SW of Rehoboth, Namibia",,,,
L. pseudotruncatella ssp. dendritica,C384,FALSE,pseudotruncatella,,Y,,ssp. dendritica, ,,"6 km S of Rehoboth, Namibia",,,,
L. pseudotruncatella ssp. dendritica (syn. farinosa),C245,FALSE,pseudotruncatella,,Y,,ssp. dendritica,,,"55 km SSW of Rehoboth, Namibia",,,(syn. farinosa),(syn. farinosa)
L. pseudotruncatella ssp. dendritica (syn. pulmonuncula),C071,FALSE,pseudotruncatella,,Y,,ssp. dendritica,,,"TL: 50 km WNW of Rehoboth, Namibia",,,(syn. pulmonuncula),(syn. pulmonuncula)
L. pseudotruncatella ssp. groendrayensis,C239,FALSE,pseudotruncatella,,Y,,ssp. groendrayensis, ,,"45 km SSE of Rehoboth, Namibia",,,,
L. pseudotruncatella ssp. groendrayensis,C244,FALSE,pseudotruncatella,,Y,,ssp. groendrayensis, ,,"TL: 50 km S of Rehoboth, Namibia",,,,
L. pseudotruncatella ssp. groendrayensis (Witkop Form),C246,FALSE,pseudotruncatella,,Y,,ssp. groendrayensis,,(Witkop Form),"55 km S of Rehoboth, Namibia",,,,
L. pseudotruncatella ssp. pseudotruncatella v. elisabethiae,C187,FALSE,pseudotruncatella,,Y,,ssp. pseudotruncatella,v. elisabethiae,,"TL: 55 km ESE of Otjiwarongo, Namibia",,,,
L. pseudotruncatella ssp. pseudotruncatella v. pseudotruncatella,C067,FALSE,pseudotruncatella,,Y,,ssp. pseudotruncatella,v. pseudotruncatella,,"20 km ENE of Windhoek, Namibia",,,,
L. pseudotruncatella ssp. pseudotruncatella v. pseudotruncatella,C070,FALSE,pseudotruncatella,,Y,,ssp. pseudotruncatella,v. pseudotruncatella,,"30 km S of Windhoek, Namibia",,,,
L. pseudotruncatella ssp. pseudotruncatella v. pseudotruncatella,C263,FALSE,pseudotruncatella,,Y,,ssp. pseudotruncatella,v. pseudotruncatella,,"20 km W of Windhoek, Namibia",,,,
L. pseudotruncatella ssp. pseudotruncatella v. pseudotruncatella,C315,FALSE,pseudotruncatella,,Y,,ssp. pseudotruncatella,v. pseudotruncatella,,"20 km ENE of Windhoek, Namibia",,,,
L. pseudotruncatella ssp. pseudotruncatella v. pseudotruncatella,C413,FALSE,pseudotruncatella,,Y,,ssp. pseudotruncatella,v. pseudotruncatella,,"100 km W of Windhoek, Namibia",,,,
L. pseudotruncatella ssp. pseudotruncatella v. pseudotruncatella (pallid Form),C264,FALSE,pseudotruncatella,,W,,ssp. pseudotruncatella,v. pseudotruncatella,(pallid Form),"60 km SSW of Windhoek, Namibia",,‘Albiflora',,
L. pseudotruncatella ssp. pseudotruncatella v. pseudotruncatella (syn. alpina),C068,FALSE,pseudotruncatella,,Y,,ssp. pseudotruncatella,v. pseudotruncatella,,"35 km SSE of Windhoek, Namibia",,,(syn. alpina),(syn. alpina)
L. pseudotruncatella ssp. pseudotruncatella v. pseudotruncatella (syn. alpina),C381,FALSE,pseudotruncatella,,Y,,ssp. pseudotruncatella,v. pseudotruncatella,,"TL: 30 km S of Windhoek, Namibia",,,(syn. alpina),(syn. alpina)
L. pseudotruncatella ssp. pseudotruncatella v. pseudotruncatella (syn. mundtii),C099,FALSE,pseudotruncatella,,Y,,ssp. pseudotruncatella,v. pseudotruncatella,,"150 km NE of Windhoek, Namibia",,,(syn. mundtii),(syn. mundtii)
L. pseudotruncatella ssp. pseudotruncatella v. pseudotruncatella (syn. mundtii),C100,FALSE,pseudotruncatella,,Y,,ssp. pseudotruncatella,v. pseudotruncatella,,"135 km NE of Windhoek, Namibia",,,(syn. mundtii),(syn. mundtii)
L. pseudotruncatella ssp. pseudotruncatella v. riehmerae (syn. edithiae),C097,FALSE,pseudotruncatella,,Y,,ssp. pseudotruncatella,v. riehmerae,,"TL: 50 km SE of Windhoek, Namibia",,,(syn. edithiae),(syn. edithiae)
L. pseudotruncatella ssp. volkii,C069,FALSE,pseudotruncatella,,Y,,ssp. volkii, ,,"TL: 45 km S of Windhoek, Namibia",,,,
L. ruschiorum v. lineata,C312,FALSE,ruschiorum,,Y,,,v. lineata,,"50 km NE of Rocky Point, Namibia",,,,
L. ruschiorum v. lineata,C313,FALSE,ruschiorum,,Y,,,v. lineata,,"45 km N of Rocky Point, Namibia",,,,
L. ruschiorum v. lineata,C314,FALSE,ruschiorum,,Y,,,v. lineata,,"40 km NE of Cape Fria, Namibia",,,,
L. ruschiorum v. lineata,C380,FALSE,ruschiorum,,Y,,,v. lineata,,"50 km ENE of Rocky Point, Namibia",,,,
L. ruschiorum v. lineata,C386,FALSE,ruschiorum,,Y,,,v. lineata,,"40 km NNE of Rocky Point, Namibia",,,,
L. ruschiorum v. ruschiorum,C101,FALSE,ruschiorum,,Y,,,v. ruschiorum,,"TL: 35 km NE of Swakopmund, Namibia",,,,
L. ruschiorum v. ruschiorum,C103,FALSE,ruschiorum,,Y,,,v. ruschiorum,,"45 km ENE of Henties Bay, Namibia",,,,
L. ruschiorum v. ruschiorum,C241,FALSE,ruschiorum,,Y,,,v. ruschiorum,,"65 km ENE of Henties Bay, Namibia",,,,
L. ruschiorum v. ruschiorum,C242,FALSE,ruschiorum,,Y,,,v. ruschiorum,,"65 km ENE of Swakopmund, Namibia",,,,
L. ruschiorum v. ruschiorum,C387,FALSE,ruschiorum,,Y,,,v. ruschiorum,,"8 km N of Rössing, Namibia",,,,
L. ruschiorum v. ruschiorum 'Silver Reed',C387A,FALSE,ruschiorum,,W,,,v. ruschiorum,,"8 km N of Rössing, Namibia",,'Silver Reed',,'Silver Reed'
L. ruschiorum v. ruschiorum (syn. nelii),C102,FALSE,ruschiorum,,Y,,,v. ruschiorum,,"20 km E of Cape Cross, Namibia",,,(syn. nelii),(syn. nelii)
L. ruschiorum v. ruschiorum (syn. nelii),C240,FALSE,ruschiorum,,Y,,,v. ruschiorum,,"25 km E of Cape Cross, Namibia",,,(syn. nelii),(syn. nelii)
L. ruschiorum v. ruschiorum (syn. nelii),C316,FALSE,ruschiorum,,Y,,,v. ruschiorum,,"Near Cape Cross, Namibia",,,(syn. nelii),(syn. nelii)
L. salicola,C034,FALSE,salicola,,W,,, ,,"TL: 10 km NW of Luckhoff, South Africa",,,,
L. salicola,C037,FALSE,salicola,,W,,, ,,"40 km SE of Hopetown, South Africa",,,,
L. salicola,C049,FALSE,salicola,,W,,, ,,"10 km NW of Petrusville, South Africa",,,,
L. salicola,C320,FALSE,salicola,,W,,, ,,"10 km WNW of Luckhoff, South Africa",,,,
L. salicola,C321,FALSE,salicola,,W,,, ,,"25 km WNW of Petrusville, South Africa",,,,
L. salicola,C322,FALSE,salicola,,W,,, ,,"20 km SW of Luckhoff, South Africa",,,,
L. salicola,C351,FALSE,salicola,,W,,, ,,"10 km W of Luckhoff, South Africa",,,,
L. salicola,C353,FALSE,salicola,,W,,, ,,"15 km WNW of Luckhoff, South Africa",,,,
L. salicola 'Malachite',C351A,FALSE,salicola,,W,,,,,"TL: 10 km W of Luckhoff, South Africa",,'Malachite',,'Malachite'
L. salicola (maculate Form),C086,TRUE,salicola,,W,,,,(maculate Form),"35 km SE of Hopetown, South Africa",,,,
L. schwantesii ssp. gebseri,C165,FALSE,schwantesii,,Y,,ssp. gebseri, ,,"TL: 70 km S of Maltahöhe, Namibia",,,,
L. schwantesii ssp. schwantesii v. marthae,C148,FALSE,schwantesii,,Y,,ssp. schwantesii,v. marthae,,"60 km SSE of Aus, Namibia",,,,
L. schwantesii ssp. schwantesii v. marthae,C249,FALSE,schwantesii,,Y,,ssp. schwantesii,v. marthae,,"TL: 60 km SSE of Aus, Namibia",,,,
L. schwantesii ssp. schwantesii v. marthae,C299,FALSE,schwantesii,,Y,,ssp. schwantesii,v. marthae,,"120 km SSE of Aus, Namibia",,,,
L. schwantesii ssp. schwantesii v. marthae,C411,FALSE,schwantesii,,Y,,ssp. schwantesii,v. marthae,,"75 km SE of Aus, Namibia",,,,
L. schwantesii ssp. schwantesii v. rugosa,C192,FALSE,schwantesii,,Y,,ssp. schwantesii,v. rugosa,,"40 km NW of Helmeringhausen, Namibia",,,,
L. schwantesii ssp. schwantesii v. rugosa,C247,FALSE,schwantesii,,Y,,ssp. schwantesii,v. rugosa,,"TL: 40 km NW of Helmeringhausen, Namibia",,,,
L. schwantesii ssp. schwantesii v. schwantesii,C076,FALSE,schwantesii,,Y,,ssp. schwantesii,v. schwantesii,,"70 km W of Maltahöhe, Namibia",,,,
L. schwantesii ssp. schwantesii v. schwantesii,C077,FALSE,schwantesii,,Y,,ssp. schwantesii,v. schwantesii,,"Near Helmeringhausen, Namibia",,,,
L. schwantesii ssp. schwantesii v. schwantesii,C079,FALSE,schwantesii,,Y,,ssp. schwantesii,v. schwantesii,,"25 km SW of Helmeringhausen, Namibia",,,,
L. schwantesii ssp. schwantesii v. schwantesii,C080,FALSE,schwantesii,,Y,,ssp. schwantesii,v. schwantesii,,"30 km SW of Helmeringhausen, Namibia",,,,
L. schwantesii ssp. schwantesii v. schwantesii,C106,FALSE,schwantesii,,Y,,ssp. schwantesii,v. schwantesii,,"80 km W of Maltahöhe, Namibia",,,,
L. schwantesii ssp. schwantesii v. schwantesii,C143B,FALSE,schwantesii,,Y,,ssp. schwantesii,v. schwantesii,,"60 km NNE of Aus, Namibia",,,,
L. schwantesii ssp. schwantesii v. schwantesii,C145,FALSE,schwantesii,,Y,,ssp. schwantesii,v. schwantesii,,"55 km NE of Aus, Namibia",,,,
L. schwantesii ssp. schwantesii v. schwantesii,C146,FALSE,schwantesii,,Y,,ssp. schwantesii,v. schwantesii,,"55 km NE of Aus, Namibia",,,,
L. schwantesii ssp. schwantesii v. schwantesii,C164,FALSE,schwantesii,,Y,,ssp. schwantesii,v. schwantesii,,"25 km SW of Helmeringhausen, Namibia",,,,
L. schwantesii ssp. schwantesii v. schwantesii,C185,FALSE,schwantesii,,Y,,ssp. schwantesii,v. schwantesii,,"Near Helmeringhausen, Namibia",,,,
L. schwantesii ssp. schwantesii v. schwantesii,C190,FALSE,schwantesii,,Y,,ssp. schwantesii,v. schwantesii,,"70 km SW of Maltahöhe, Namibia",,,,
L. schwantesii ssp. schwantesii v. schwantesii,C191,FALSE,schwantesii,,Y,,ssp. schwantesii,v. schwantesii,,"60 km NW of Helmeringhausen, Namibia",,,,
L. schwantesii ssp. schwantesii v. schwantesii,C211,FALSE,schwantesii,,Y,,ssp. schwantesii,v. schwantesii,,"10 km SE of Helmeringhausen, Namibia",,,,
L. schwantesii ssp. schwantesii v. schwantesii,C265,FALSE,schwantesii,,Y,,ssp. schwantesii,v. schwantesii,,"45 km N of Helmeringhausen, Namibia",,,,
L. schwantesii ssp. schwantesii v. schwantesii (grey Form),C144,FALSE,schwantesii,,Y,,ssp. schwantesii,v. schwantesii,(grey Form),"55 km NNE of Aus, Namibia",,,,
L. schwantesii ssp. schwantesii v. schwantesii (grey Form),C250,FALSE,schwantesii,,Y,,ssp. schwantesii,v. schwantesii,(grey Form),"120 km SE of Aus, Namibia",,,,
L. schwantesii ssp. schwantesii v. schwantesii (syn. gulielmi),C184,FALSE,schwantesii,,Y,,ssp. schwantesii,v. schwantesii,,"TL: 10 km NW of Helmeringhausen, Namibia",,,(syn. gulielmi),(syn. gulielmi)
L. schwantesii ssp. schwantesii v. schwantesii (syn. kuibisensis),C150,FALSE,schwantesii,,Y,,ssp. schwantesii,v. schwantesii,,"25 km E of Aus, Namibia",,,(syn. kuibisensis),(syn. kuibisensis)
L. schwantesii ssp. schwantesii v. urikosensis,C083,FALSE,schwantesii,,Y,,ssp. schwantesii,v. urikosensis,,"Near Bethanien, Namibia",,,,
L. schwantesii ssp. schwantesii v. urikosensis,C105,FALSE,schwantesii,,Y,,ssp. schwantesii,v. urikosensis,,"TL: 100 km NW of Maltahöhe, Namibia",,,,
L. schwantesii ssp. schwantesii v. urikosensis (syn. christinae),C074,FALSE,schwantesii,,Y,,ssp. schwantesii,v. urikosensis,,"50 km W of Maltahöhe, Namibia",,,(syn. christinae),(syn. christinae)
L. schwantesii ssp. schwantesii v. urikosensis (syn. christinae),C107,FALSE,schwantesii,,Y,,ssp. schwantesii,v. urikosensis,,"20 km W of Maltahöhe, Namibia",,,(syn. christinae),(syn. christinae)
L. schwantesii ssp. schwantesii v. urikosensis (syn. christinae),C210,FALSE,schwantesii,,Y,,ssp. schwantesii,v. urikosensis,,"TL: 45 km W of Maltahöhe, Namibia",,,(syn. christinae),(syn. christinae)
L. schwantesii ssp. schwantesii v. urikosensis (syn. kunjasensis),C186,FALSE,schwantesii,,Y,,ssp. schwantesii,v. urikosensis,,"5 km NE of Helmeringhausen, Namibia",,,(syn. kunjasensis),(syn. kunjasensis)
L. schwantesii ssp. schwantesii v. urikosensis (syn. kunjasensis),C248,FALSE,schwantesii,,Y,,ssp. schwantesii,v. urikosensis,,"15 km NE of Helmeringhausen, Namibia",,,(syn. kunjasensis),(syn. kunjasensis)
L. schwantesii ssp. schwantesii v. urikosensis (syn. nutupsdriftensis),C075,FALSE,schwantesii,,Y,,ssp. schwantesii,v. urikosensis,,"TL: 35 km W of Maltahöhe, Namibia",,,(syn. nutupsdriftensis),(syn. nutupsdriftensis)
L. steineckeana,C388,FALSE,steineckeana,,Y,,, ,,Not Documented,,,,
L. terricolor,C130,FALSE,terricolor,,Y,,, ,,"30 km SW of Rietbron, South Africa",,,,
L. terricolor (syn. localis),C132,FALSE,terricolor,,Y,,, ,,"TL: 40 km E of Laingsburg, South Africa",,,,
L. terricolor,C345,FALSE,terricolor,,Y,,, ,,"30 km WNW of Prince Albert Road, South Africa",,,,
L. terricolor,C346,FALSE,terricolor,,Y,,, ,,"30 km WNW of Prince Albert Road, South Africa",,,,
L. terricolor,C379,FALSE,terricolor,,Y,,, ,,"60 km E of Prince Albert, South Africa",,,,
L. terricolor,C418,FALSE,terricolor,,Y,,, ,,"NE of Willowmore, South Africa",,,,
L. terricolor 'Silver Spurs',C132A,FALSE,terricolor,,W,,,,,"TL: 40 km E of Laingsburg, South Africa",,'Silver Spurs',,'Silver Spurs'
L. terricolor 'Speckled Gold',C345A,FALSE,terricolor,,Y,,,,,"TL: 30 km WNW of Prince Albert Road, South Africa",,'Speckled Gold',,'Speckled Gold'
L. terricolor (Prince Albert Form),C134,FALSE,terricolor,,Y,,,,(Prince Albert Form),"5 km N of Prince Albert, South Africa",,,,
L. terricolor (syn. localis),C133,FALSE,terricolor,,Y,,,,,"25 km S of Beaufort West, South Africa",,,(syn. localis),(syn. localis)
L. terricolor (syn. peersii),C131,FALSE,terricolor,,Y,,,,,"TL: Near Miller Station, South Africa",,,(syn. peersii),(syn. peersii)
L. terricolor (syn. peersii),C253,FALSE,terricolor,,Y,,,,,"95 km NW of Port Elizabeth, South Africa",,,(syn. peersii),(syn. peersii)
L. terricolor (syn. peersii),C254,FALSE,terricolor,,Y,,,,,"30 km ENE of Willowmore, South Africa",,,(syn. peersii),(syn. peersii)
L. terricolor (syn. peersii),C339,FALSE,terricolor,,Y,,,,,"Near Steytlerville, South Africa",,,(syn. peersii),(syn. peersii)
L. terricolor (syn. peersii),C376,FALSE,terricolor,,Y,,,,,"35 km ESE of Willowmore, South Africa",,,(syn. peersii),(syn. peersii)
L. vallis-mariae,C060,FALSE,vallis-mariae,,Y,,, ,,"30 km SSW of Mariental, Namibia",,,,
L. vallis-mariae,C066,FALSE,vallis-mariae,,Y,,, ,,"20 km E of Gibeon Station, Namibia",,,,
L. vallis-mariae,C166,FALSE,vallis-mariae,,Y,,, ,,"110 km NNE of Keetmanshoop, Namibia",,,,
L. vallis-mariae,C238,FALSE,vallis-mariae,,Y,,, ,,"85 km NE of Keetmanshoop, Namibia",,,,
L. vallis-mariae,C281,FALSE,vallis-mariae,,Y,,, ,,"TL: 15 km E of Mariental, Namibia",,,,
L. vallis-mariae,C282,FALSE,vallis-mariae,,Y,,, ,,"125 km N of Keetmanshoop, Namibia",,,,
L. vallis-mariae,C296,FALSE,vallis-mariae,,Y,,, ,,"40 km SSE of Koës, Namibia",,,,
L. vallis-mariae (syn. margarethae) ‘Valley Girl’,C167,FALSE,vallis-mariae,,W,,,,,"TL: Near Berseba, Namibia",,‘Valley Girl’,(syn. margarethae),(syn. margarethae)
L. verruculosa v. glabra,C025,FALSE,verruculosa,,W,,,v. glabra,,"30 km E of Kenhardt, South Africa",,,,
L. verruculosa v. glabra,C160,FALSE,verruculosa,,W,,,v. glabra,,"TL: 20 km SSE of Kenhardt, South Africa",,,,
L. verruculosa v. glabra,C177,FALSE,verruculosa,,W,,,v. glabra,,"25 km SSE of Kenhardt, South Africa",,,,
L. verruculosa v. verruculosa,C120,FALSE,verruculosa,,W,,,v. verruculosa,,"30 km N of Vanwyksvlei, South Africa",,,,
L. verruculosa v. verruculosa,C129,FALSE,verruculosa,,W,,,v. verruculosa,,"30 km E of Brandvlei, South Africa",,,,
L. verruculosa v. verruculosa,C159,FALSE,verruculosa,,W,,,v. verruculosa,,"30 km ENE of Vanwyksvlei, South Africa",,,,
L. verruculosa v. verruculosa,C178,FALSE,verruculosa,,W,,,v. verruculosa,,"90 km W of Kenhardt, South Africa",,,,
L. verruculosa v. verruculosa,C198,FALSE,verruculosa,,W,,,v. verruculosa,,"85 km SSE of Pofadder, South Africa",,,,
L. verruculosa v. verruculosa,C200B,FALSE,verruculosa,,W,,,v. verruculosa,,"80 km SSE of Pofadder, South Africa",,,,
L. verruculosa v. verruculosa,C229B,FALSE,verruculosa,,W,,,v. verruculosa,,"90 km S of Pofadder, South Africa",,,,
L. verruculosa v. verruculosa,C230C,FALSE,verruculosa,,W,,,v. verruculosa,,"75 km E of Gamoep, South Africa",,,,
L. verruculosa v. verruculosa (syn. inae),C095,FALSE,verruculosa,,W,,,v. verruculosa,,"55 km SW of Prieska, South Africa",,,(syn. inae),(syn. inae)
L. verruculosa v. verruculosa (syn. inae),C157,FALSE,verruculosa,,W,,,v. verruculosa,,"55 km ENE of Vanwyksvlei, South Africa",,,(syn. inae),(syn. inae)
L. verruculosa v. verruculosa (syn. inae),C196,FALSE,verruculosa,,W,,,v. verruculosa,,"85 km S of Pofadder, South Africa",,,(syn. inae),(syn. inae)
L. villetii ssp. deboeri,C230A,FALSE,villetii,,YWC,,ssp. deboeri, ,,"TL: 75 km E of Gamoep, South Africa",,,,
L. villetii ssp. deboeri,C231,FALSE,villetii,,YWC,,ssp. deboeri, ,,"75 km E of Gamoep, South Africa",,,,
L. villetii ssp. deboeri,C258,FALSE,villetii,,YWC,,ssp. deboeri, ,,"35 km ENE of Gamoep, South Africa",,,,
L. villetii ssp. kennedyi,C123,FALSE,villetii,,YWC,,ssp. kennedyi, ,,"TL: 90 km SSE of Pofadder, South Africa",,,,
L. villetii ssp. kennedyi,C197,FALSE,villetii,,YWC,,ssp. kennedyi, ,,"75 km S of Pofadder, South Africa",,,,
L. villetii ssp. kennedyi,C199,FALSE,villetii,,YWC,,ssp. kennedyi, ,,"75 km SSE of Pofadder, South Africa",,,,
L. villetii ssp. kennedyi,C200A,FALSE,villetii,,YWC,,ssp. kennedyi, ,,"80 km SSE of Pofadder, South Africa",,,,
L. villetii ssp. kennedyi,C228,FALSE,villetii,,YWC,,ssp. kennedyi, ,,"90 km S of Pofadder, South Africa",,,,
L. villetii ssp. kennedyi,C229A,FALSE,villetii,,YWC,,ssp. kennedyi, ,,"90 km S of Pofadder, South Africa",,,,
L. villetii ssp. villetii,C194,FALSE,villetii,,YWC,,ssp. villetii, ,,"60 km NNW of Loeriesfontein, South Africa",,,,
L. villetii ssp. villetii,C195,FALSE,villetii,,YWC,,ssp. villetii, ,,"TL: 30 km NNE of Loeriesfontein, South Africa",,,,
L. viridis,C127,FALSE,viridis,,Y,,, ,,"TL: 25 km S of Loeriesfontein, South Africa",,,,
L. werneri,C188,FALSE,werneri,,Y,,, ,,"TL: 25 km NNE of Usakos, Namibia",,,,
,,,,,,,, ,,,,,,
,,,,,,,, ,,,,,,
,,,,,,,, ,,,,,,
,,,,,,,, ,,,,,,
,,,,,,,, ,,,,,,
,,,,,,,, ,,,,,,
,,,,,,,, ,,,,,,
,,,,,,,, ,,,,,,
,,,,,,,, ,,,,,,
,,,,,,,, ,,,,,,
,,,,,,,, ,,,,,,
,,,,,,,, ,,,,,,
,,,,,,,, ,,,,,,
,,,,,,,,,,,,,,
,,,,,,,,,,,,,,
,,,,,,,,,,,,,,
,,,,,,,,,,,,,,
,,,,,,,,,,,,,,
,,,,,,,,,,,,,,
,,,,,,,,,,,,,,
,,,,,,,,,,,,,,
,,,,,,,,,,,,,,
,,,,,,,,,,,,,,
,,,,,,,,,,,,,,
,,,,,,,,,,,,,,
,,,,,,,,,,,,,,
,,,,,,,,,,,,,,
,,,,,,,,,,,,,,
,,,,,,,,,,,,,,
,,,,,,,,,,,,,,
,,,,,,,,,,,,,,
,,,,,,,,,,,,,,
,,,,,,,,,,,,,,
,,,,,,,,,,,,,,
,,,,,,,,,,,,,,
,,,,,,,,,,,,,,
,,,,,,,,,,,,,,
,,,,,,,,,,,,,,
,,,,,,,,,,,,,,
,,,,,,,,,,,,,,
,,,,,,,,,,,,,,
,,,,,,,,,,,,,,
,,,,,,,,,,,,,,
,,,,,,,,,,,,,,
,,,,,,,,,,,,,,
,,,,,,,,,,,,,,
,,,,,,,,,,,,,,
,,,,,,,,,,,,,,
,,,,,,,,,,,,,,
,,,,,,,,,,,,,,
,,,,,,,,,,,,,,
,,,,,,,,,,,,,,
,,,,,,,,,,,,,,
,,,,,,,,,,,,,,
,,,,,,,,,,,,,,
,,,,,,,,,,,,,,
,,,,,,,,,,,,,,
,,,,,,,,,,,,,,
,,,,,,,,,,,,,,
,,,,,,,,,,,,,,
,,,,,,,,,,,,,,
,,,,,,,,,,,,,,
,,,,,,,,,,,,,,
,,,,,,,,,,,,,,
,,,,,,,,,,,,,,
,,,,,,,,,,,,,,
,,,,,,,,,,,,,,
,,,,,,,,,,,,,,
,,,,,,,,,,,,,,
,,,,,,,,,,,,,,
,,,,,,,,,,,,,,
,,,,,,,,,,,,,,
,,,,,,,,,,,,,,
,,,,,,,,,,,,,,
,,,,,,,,,,,,,,
,,,,,,,,,,,,,,
,,,,,,,,,,,,,,
,,,,,,,,,,,,,,
,,,,,,,,,,,,,,
,,,,,,,,,,,,,,
,,,,,,,,,,,,,,
,,,,,,,,,,,,,,
,,,,,,,,,,,,,,
,,,,,,,,,,,,,,
,,,,,,,,,,,,,,
,,,,,,,,,,,,,,
,,,,,,,,,,,,,,
,,,,,,,,,,,,,,
,,,,,,,,,,,,,,
,,,,,,,,,,,,,,
,,,,,,,,,,,,,,
,,,,,,,,,,,,,,
,,,,,,,,,,,,,,
,,,,,,,,,,,,,,
,,,,,,,,,,,,,,
,,,,,,,,,,,,,,
,,,,,,,,,,,,,,
,,,,,,,,,,,,,,
,,,,,,,,,,,,,,
,,,,,,,,,,,,,,
,,,,,,,,,,,,,,
,,,,,,,,,,,,,,
,,,,,,,,,,,,,,
,,,,,,,,,,,,,,
,,,,,,,,,,,,,,
,,,,,,,,,,,,,,
,,,,,,,,,,,,,,
,,,,,,,,,,,,,,
,,,,,,,,,,,,,,
,,,,,,,,,,,,,,
,,,,,,,,,,,,,,
,,,,,,,,,,,,,,
,,,,,,,,,,,,,,
,,,,,,,,,,,,,,
,,,,,,,,,,,,,,
,,,,,,,,,,,,,,
,,,,,,,,,,,,,,
,,,,,,,,,,,,,,
,,,,,,,,,,,,,,
,,,,,,,,,,,,,,
,,,,,,,,,,,,,,
,,,,,,,,,,,,,,
,,,,,,,,,,,,,,
,,,,,,,,,,,,,,
,,,,,,,,,,,,,,
,,,,,,,,,,,,,,
,,,,,,,,,,,,,,
,,,,,,,,,,,,,,
,,,,,,,,,,,,,,
,,,,,,,,,,,,,,
,,,,,,,,,,,,,,
,,,,,,,,,,,,,,
,,,,,,,,,,,,,,
,,,,,,,,,,,,,,
,,,,,,,,,,,,,,
,,,,,,,,,,,,,,
,,,,,,,,,,,,,,
,,,,,,,,,,,,,,
,,,,,,,,,,,,,,
,,,,,,,,,,,,,,
,,,,,,,,,,,,,,
,,,,,,,,,,,,,,
,,,,,,,,,,,,,,
,,,,,,,,,,,,,,
,,,,,,,,,,,,,,
,,,,,,,,,,,,,,
,,,,,,,,,,,,,,
,,,,,,,,,,,,,,
,,,,,,,,,,,,,,
,,,,,,,,,,,,,,
,,,,,,,,,,,,,,
,,,,,,,,,,,,,,
,,,,,,,,,,,,,,
,,,,,,,,,,,,,,
,,,,,,,,,,,,,,
,,,,,,,,,,,,,,
,,,,,,,,,,,,,,
,,,,,,,,,,,,,,
,,,,,,,,,,,,,,
,,,,,,,,,,,,,,
,,,,,,,,,,,,,,
,,,,,,,,,,,,,,
,,,,,,,,,,,,,,
,,,,,,,,,,,,,,
,,,,,,,,,,,,,,
,,,,,,,,,,,,,,
,,,,,,,,,,,,,,
,,,,,,,,,,,,,,
,,,,,,,,,,,,,,
,,,,,,,,,,,,,,
,,,,,,,,,,,,,,
,,,,,,,,,,,,,,
,,,,,,,,,,,,,,
,,,,,,,,,,,,,,
,,,,,,,,,,,,,,
,,,,,,,,,,,,,,
,,,,,,,,,,,,,,
,,,,,,,,,,,,,,
,,,,,,,,,,,,,,
,,,,,,,,,,,,,,
,,,,,,,,,,,,,,
,,,,,,,,,,,,,,
,,,,,,,,,,,,,,
,,,,,,,,,,,,,,
,,,,,,,,,,,,,,
,,,,,,,,,,,,,,
,,,,,,,,,,,,,,
,,,,,,,,,,,,,,
,,,,,,,,,,,,,,
,,,,,,,,,,,,,,
,,,,,,,,,,,,,,
,,,,,,,,,,,,,,
,,,,,,,,,,,,,,
,,,,,,,,,,,,,,
,,,,,,,,,,,,,,
,,,,,,,,,,,,,,
,,,,,,,,,,,,,,
,,,,,,,,,,,,,,
,,,,,,,,,,,,,,
,,,,,,,,,,,,,,
,,,,,,,,,,,,,,
,,,,,,,,,,,,,,
,,,,,,,,,,,,,,
,,,,,,,,,,,,,,
,,,,,,,,,,,,,,
,,,,,,,,,,,,,,
,,,,,,,,,,,,,,
,,,,,,,,,,,,,,
,,,,,,,,,,,,,,
,,,,,,,,,,,,,,
,,,,,,,,,,,,,,
,,,,,,,,,,,,,,
,,,,,,,,,,,,,,
,,,,,,,,,,,,,,
,,,,,,,,,,,,,,
,,,,,,,,,,,,,,
,,,,,,,,,,,,,,
,,,,,,,,,,,,,,
,,,,,,,,,,,,,,
,,,,,,,,,,,,,,
,,,,,,,,,,,,,,
,,,,,,,,,,,,,,
,,,,,,,,,,,,,,
,,,,,,,,,,,,,,
,,,,,,,,,,,,,,
,,,,,,,,,,,,,,
,,,,,,,,,,,,,,
,,,,,,,,,,,,,,
,,,,,,,,,,,,,,
,,,,,,,,,,,,,,
,,,,,,,,,,,,,,
,,,,,,,,,,,,,,
,,,,,,,,,,,,,,
,,,,,,,,,,,,,,
,,,,,,,,,,,,,,
,,,,,,,,,,,,,,
,,,,,,,,,,,,,,
,,,,,,,,,,,,,,
,,,,,,,,,,,,,,
,,,,,,,,,,,,,,
,,,,,,,,,,,,,,
,,,,,,,,,,,,,,
,,,,,,,,,,,,,,
,,,,,,,,,,,,,,
,,,,,,,,,,,,,,
,,,,,,,,,,,,,,
,,,,,,,,,,,,,,
,,,,,,,,,,,,,,
,,,,,,,,,,,,,,
,,,,,,,,,,,,,,
,,,,,,,,,,,,,,
,,,,,,,,,,,,,,
,,,,,,,,,,,,,,
,,,,,,,,,,,,,,
,,,,,,,,,,,,,,
,,,,,,,,,,,,,(syn. lydiae),
,,,,,,,,,,,,,,
,,,,,,,,,,,,,,
,,,,,,,,,,,,,,
,,,,,,,,,,,,,,
,,,,,,,,,,,,,,
,,,,,,,,,,,,,,
,,,,,,,,,,,,,,
,,,,,,,,,,,,,,
,,,,,,,,,,,,,,
,,,,,,,,,,,,,(syn. hillii),
,,,,,,,,,,,,,(syn. hillii),
,,,,,,,,,,,,,,
,,,,,,,,,,,,,,
,,,,,,,,,,,,,,
,,,,,,,,,,,,,,
,,,,,,,,,,,,,,
,,,,,,,,,,,,,,
,,,,,,,,,,,,,(syn. streyi),
,,,,,,,,,,,,,,
,,,,,,,,,,,,,,
,,,,,,,,,,,,,,
,,,,,,,,,,,,,,
,,,,,,,,,,,,,,
,,,,,,,,,,,,,,
,,,,,,,,,,,,,,
,,,,,,,,,,,,,,
,,,,,,,,,,,,,,
,,,,,,,,,,,,,,
,,,,,,,,,,,,,,
,,,,,,,,,,,,,(syn. salicola reticulata),
,,,,,,,,,,,,,,
,,,,,,,,,,,,,,
,,,,,,,,,,,,,,
,,,,,,,,,,,,,,
,,,,,,,,,,,,,,
,,,,,,,,,,,,,,
,,,,,,,,,,,,,,
,,,,,,,,,,,,,,
,,,,,,,,,,,,,,
,,,,,,,,,,,,,,
,,,,,,,,,,,,,,
,,,,,,,,,,,,,,
,,,,,,,,,,,,,,
,,,,,,,,,,,,,,
,,,,,,,,,,,,,,
,,,,,,,,,,,,,,
,,,,,,,,,,,,,,
,,,,,,,,,,,,,,
,,,,,,,,,,,,,,
,,,,,,,,,,,,,,
,,,,,,,,,,,,,(syn. translucens),
,,,,,,,,,,,,,,
,,,,,,,,,,,,,,
,,,,,,,,,,,,,,
,,,,,,,,,,,,,,
,,,,,,,,,,,,,,
,,,,,,,,,,,,,(syn. translucens),
,,,,,,,,,,,,,,
,,,,,,,,,,,,,,
,,,,,,,,,,,,,,
,,,,,,,,,,,,,,
,,,,,,,,,,,,,,
,,,,,,,,,,,,,,
,,,,,,,,,,,,,,
,,,,,,,,,,,,,,
,,,,,,,,,,,,,,
,,,,,,,,,,,,,,
,,,,,,,,,,,,,,
,,,,,,,,,,,,,,
,,,,,,,,,,,,,,
,,,,,,,,,,,,,,
,,,,,,,,,,,,,,
,,,,,,,,,,,,,,
,,,,,,,,,,,,,,
,,,,,,,,,,,,,,
,,,,,,,,,,,,,,
,,,,,,,,,,,,,,
,,,,,,,,,,,,,,
,,,,,,,,,,,,,,
,,,,,,,,,,,,,,
,,,,,,,,,,,,,,
,,,,,,,,,,,,,,
,,,,,,,,,,,,,,
,,,,,,,,,,,,,,
,,,,,,,,,,,,,(syn. brunneoviolacea),
,,,,,,,,,,,,,,
,,,,,,,,,,,,,,
,,,,,,,,,,,,,,
,,,,,,,,,,,,,,
,,,,,,,,,,,,,,
,,,,,,,,,,,,,,
,,,,,,,,,,,,,,
,,,,,,,,,,,,,,
,,,,,,,,,,,,,,
,,,,,,,,,,,,,,
,,,,,,,,,,,,,,
,,,,,,,,,,,,,,
,,,,,,,,,,,,,,
,,,,,,,,,,,,,,
,,,,,,,,,,,,,,
,,,,,,,,,,,,,,
,,,,,,,,,,,,,,
,,,,,,,,,,,,,,
,,,,,,,,,,,,,,
,,,,,,,,,,,,,,
,,,,,,,,,,,,,,
,,,,,,,,,,,,,,
,,,,,,,,,,,,,,
,,,,,,,,,,,,,,
,,,,,,,,,,,,,,
,,,,,,,,,,,,,,
,,,,,,,,,,,,,,
,,,,,,,,,,,,,,
,,,,,,,,,,,,,,
,,,,,,,,,,,,,,
,,,,,,,,,,,,,(syn. chrysocephala),
,,,,,,,,,,,,,(syn. littlewoodii),
,,,,,,,,,,,,,,
,,,,,,,,,,,,,,
,,,,,,,,,,,,,,
,,,,,,,,,,,,,,
,,,,,,,,,,,,,,
,,,,,,,,,,,,,,
,,,,,,,,,,,,,,
,,,,,,,,,,,,,,
,,,,,,,,,,,,,(syn. erniana),
,,,,,,,,,,,,,(syn. erniana witputzensis),
,,,,,,,,,,,,,,
,,,,,,,,,,,,,,
,,,,,,,,,,,,,,
,,,,,,,,,,,,,,
,,,,,,,,,,,,,,
,,,,,,,,,,,,,,
,,,,,,,,,,,,,(syn. erniana),
,,,,,,,,,,,,,,
,,,,,,,,,,,,,,
,,,,,,,,,,,,,,
,,,,,,,,,,,,,,
,,,,,,,,,,,,,,
,,,,,,,,,,,,,,
,,,,,,,,,,,,,(syn. mickbergensis),
,,,,,,,,,,,,,(syn. mickbergensis),
,,,,,,,,,,,,,,
,,,,,,,,,,,,,,
,,,,,,,,,,,,,(syn. mickbergensis),
,,,,,,,,,,,,,(syn. mickbergensis),
,,,,,,,,,,,,,,
,,,,,,,,,,,,,,
,,,,,,,,,,,,,,
,,,,,,,,,,,,,(syn. jacobseniana),
,,,,,,,,,,,,,,
,,,,,,,,,,,,,,
,,,,,,,,,,,,,,
,,,,,,,,,,,,,,
,,,,,,,,,,,,,,
,,,,,,,,,,,,,,
,,,,,,,,,,,,,,
,,,,,,,,,,,,,,
,,,,,,,,,,,,,,
,,,,,,,,,,,,,,
,,,,,,,,,,,,,,
,,,,,,,,,,,,,,
,,,,,,,,,,,,,,
,,,,,,,,,,,,,,
,,,,,,,,,,,,,,
,,,,,,,,,,,,,,
,,,,,,,,,,,,,,
,,,,,,,,,,,,,(syn. luteoviridis),
,,,,,,,,,,,,,,
,,,,,,,,,,,,,,
,,,,,,,,,,,,,,
,,,,,,,,,,,,,,
,,,,,,,,,,,,,,
,,,,,,,,,,,,,,
,,,,,,,,,,,,,,
,,,,,,,,,,,,,,
,,,,,,,,,,,,,,
,,,,,,,,,,,,,,
,,,,,,,,,,,,,,
,,,,,,,,,,,,,,
,,,,,,,,,,,,,,
,,,,,,,,,,,,,,
,,,,,,,,,,,,,,
,,,,,,,,,,,,,,
,,,,,,,,,,,,,,
,,,,,,,,,,,,,,
,,,,,,,,,,,,,,
,,,,,,,,,,,,,,
,,,,,,,,,,,,,,
,,,,,,,,,,,,,,
,,,,,,,,,,,,,,
,,,,,,,,,,,,,,
,,,,,,,,,,,,,,
,,,,,,,,,,,,,,
,,,,,,,,,,,,,,
,,,,,,,,,,,,,,
,,,,,,,,,,,,,,
,,,,,,,,,,,,,,
,,,,,,,,,,,,,,
,,,,,,,,,,,,,,
,,,,,,,,,,,,,,
,,,,,,,,,,,,,,
,,,,,,,,,,,,,,
,,,,,,,,,,,,,(syn. maraisii),
,,,,,,,,,,,,,,
,,,,,,,,,,,,,,
,,,,,,,,,,,,,,
,,,,,,,,,,,,,(syn. diutina),
,,,,,,,,,,,,,(syn. framesii),
,,,,,,,,,,,,,,
,,,,,,,,,,,,,,
,,,,,,,,,,,,,(syn. framesii),
,,,,,,,,,,,,,,
,,,,,,,,,,,,,,
,,,,,,,,,,,,,,
,,,,,,,,,,,,,,
,,,,,,,,,,,,,,
,,,,,,,,,,,,,,
,,,,,,,,,,,,,,
,,,,,,,,,,,,,,
,,,,,,,,,,,,,,
,,,,,,,,,,,,,,
,,,,,,,,,,,,,,
,,,,,,,,,,,,,,
,,,,,,,,,,,,,,
,,,,,,,,,,,,,,
,,,,,,,,,,,,,,
,,,,,,,,,,,,,,
,,,,,,,,,,,,,,
,,,,,,,,,,,,,,
,,,,,,,,,,,,,,
,,,,,,,,,,,,,,
,,,,,,,,,,,,,,
,,,,,,,,,,,,,,
,,,,,,,,,,,,,,
,,,,,,,,,,,,,,
,,,,,,,,,,,,,,
,,,,,,,,,,,,,,
,,,,,,,,,,,,,,
,,,,,,,,,,,,,,
,,,,,,,,,,,,,,
,,,,,,,,,,,,,,
,,,,,,,,,,,,,,
,,,,,,,,,,,,,,
,,,,,,,,,,,,,,
,,,,,,,,,,,,,,
,,,,,,,,,,,,,,
,,,,,,,,,,,,,,
,,,,,,,,,,,,,(syn. farinosa),
,,,,,,,,,,,,,(syn. pulmonuncula),
,,,,,,,,,,,,,,
,,,,,,,,,,,,,,
,,,,,,,,,,,,,,
,,,,,,,,,,,,,,
,,,,,,,,,,,,,,
,,,,,,,,,,,,,,
,,,,,,,,,,,,,,
,,,,,,,,,,,,,,
,,,,,,,,,,,,,,
,,,,,,,,,,,,,,
,,,,,,,,,,,,,,
,,,,,,,,,,,,,(syn. alpina),
,,,,,,,,,,,,,,
,,,,,,,,,,,,,,
,,,,,,,,,,,,,(syn. mundtii),
,,,,,,,,,,,,,(syn. mundtii),
,,,,,,,,,,,,,(syn. alpina),
,,,,,,,,,,,,,,
,,,,,,,,,,,,,(syn. edithiae),
,,,,,,,,,,,,,,
,,,,,,,,,,,,,,
,,,,,,,,,,,,,,
,,,,,,,,,,,,,,
,,,,,,,,,,,,,,
,,,,,,,,,,,,,,
,,,,,,,,,,,,,(syn. nelii),
,,,,,,,,,,,,,,
,,,,,,,,,,,,,,
,,,,,,,,,,,,,(syn. nelii),
,,,,,,,,,,,,,,
,,,,,,,,,,,,,(syn. nelii),
,,,,,,,,,,,,,,
,,,,,,,,,,,,,,
,,,,,,,,,,,,,,
,,,,,,,,,,,,,,
,,,,,,,,,,,,,,
,,,,,,,,,,,,,,
,,,,,,,,,,,,,,
,,,,,,,,,,,,,,
,,,,,,,,,,,,,,
,,,,,,,,,,,,,,
,,,,,,,,,,,,,,
,,,,,,,,,,,,,,
,,,,,,,,,,,,,,
,,,,,,,,,,,,,,
,,,,,,,,,,,,,,
,,,,,,,,,,,,,,
,,,,,,,,,,,,,,
,,,,,,,,,,,,,,
,,,,,,,,,,,,,,
,,,,,,,,,,,,,,
,,,,,,,,,,,,,,
,,,,,,,,,,,,,,
,,,,,,,,,,,,,,
,,,,,,,,,,,,,,
,,,,,,,,,,,,,,
,,,,,,,,,,,,,,
,,,,,,,,,,,,,,
,,,,,,,,,,,,,,
,,,,,,,,,,,,,,
,,,,,,,,,,,,,,
,,,,,,,,,,,,,,
,,,,,,,,,,,,,(syn. kuibisensis),
,,,,,,,,,,,,,,
,,,,,,,,,,,,,(syn. gulielmi),
,,,,,,,,,,,,,,
,,,,,,,,,,,,,,
,,,,,,,,,,,,,,
,,,,,,,,,,,,,,
,,,,,,,,,,,,,(syn. kunjasensis),
,,,,,,,,,,,,,(syn. christinae),
,,,,,,,,,,,,,(syn. nutupsdriftensis),
,,,,,,,,,,,,,,
,,,,,,,,,,,,,,
,,,,,,,,,,,,,(syn. christinae),
,,,,,,,,,,,,,(syn. kunjasensis),
,,,,,,,,,,,,,(syn. christinae),
,,,,,,,,,,,,,,
,,,,,,,,,,,,,(syn. peersii),
,,,,,,,,,,,,,(syn. peersii),
,,,,,,,,,,,,,(syn. peersii),
,,,,,,,,,,,,,,
,,,,,,,,,,,,,,
,,,,,,,,,,,,,,
,,,,,,,,,,,,,(syn. peersii),
,,,,,,,,,,,,,,
,,,,,,,,,,,,,(syn. localis),
,,,,,,,,,,,,,,
,,,,,,,,,,,,,(syn. peersii),
,,,,,,,,,,,,,,
,,,,,,,,,,,,,,
,,,,,,,,,,,,,,
,,,,,,,,,,,,,,
,,,,,,,,,,,,,,
,,,,,,,,,,,,,,
,,,,,,,,,,,,,,
,,,,,,,,,,,,,,
,,,,,,,,,,,,,,
,,,,,,,,,,,,,,
,,,,,,,,,,,,,,
,,,,,,,,,,,,,(syn. margarethae),
,,,,,,,,,,,,,,
,,,,,,,,,,,,,,
,,,,,,,,,,,,,,
,,,,,,,,,,,,,(syn. inae),
,,,,,,,,,,,,,,
,,,,,,,,,,,,,,
,,,,,,,,,,,,,(syn. inae),
,,,,,,,,,,,,,,
,,,,,,,,,,,,,,
,,,,,,,,,,,,,(syn. inae),
,,,,,,,,,,,,,,
,,,,,,,,,,,,,,
,,,,,,,,,,,,,,
,,,,,,,,,,,,,,
,,,,,,,,,,,,,,
,,,,,,,,,,,,,,
,,,,,,,,,,,,,,
,,,,,,,,,,,,,,
,,,,,,,,,,,,,,
,,,,,,,,,,,,,,
,,,,,,,,,,,,,,
,,,,,,,,,,,,,,
,,,,,,,,,,,,,,
,,,,,,,,,,,,,,
,,,,,,,,,,,,,,
,,,,,,,,,,,,,,
,,,,,,,,,,,,,,
,,,,,,,,,,,,,,
,,,,,,,,,,,,,,
,,,,,,,,,,,,,,
,,,,,,,,,,,,,,
,,,,,,,,,,,,,,
,,,,,,,,,,,,,,
,,,,,,,,,,,,,,
,,,,,,,,,,,,,,
,,,,,,,,,,,,,,
,,,,,,,,,,,,,,
,,,,,,,,,,,,,,
,,,,,,,,,,,,,,
,,,,,,,,,,,,,,
,,,,,,,,,,,,,,
,,,,,,,,,,,,,,
,,,,,,,,,,,,,,
,,,,,,,,,,,,,,
,,,,,,,,,,,,,,
,,,,,,,,,,,,,,
,,,,,,,,,,,,,,
,,,,,,,,,,,,,,
,,,,,,,,,,,,,,
,,,,,,,,,,,,,,
,,,,,,,,,,,,,,
,,,,,,,,,,,,,,
,,,,,,,,,,,,,,
,,,,,,,,,,,,,,
,,,,,,,,,,,,,,
,,,,,,,,,,,,,,
,,,,,,,,,,,,,,
,,,,,,,,,,,,,,
,,,,,,,,,,,,,,
,,,,,,,,,,,,,,
,,,,,,,,,,,,,,
,,,,,,,,,,,,,,
,,,,,,,,,,,,,,
,,,,,,,,,,,,,,
,,,,,,,,,,,,,,
,,,,,,,,,,,,,,
,,,,,,,,,,,,,,
,,,,,,,,,,,,,,
,,,,,,,,,,,,,,
,,,,,,,,,,,,,,
,,,,,,,,,,,,,,
,,,,,,,,,,,,,,
,,,,,,,,,,,,,,
,,,,,,,,,,,,,,
,,,,,,,,,,,,,,
,,,,,,,,,,,,,,
,,,,,,,,,,,,,,
,,,,,,,,,,,,,,
,,,,,,,,,,,,,,
,,,,,,,,,,,,,,
,,,,,,,,,,,,,,
,,,,,,,,,,,,,,
,,,,,,,,,,,,,,
,,,,,,,,,,,,,,
,,,,,,,,,,,,,,
,,,,,,,,,,,,,,
,,,,,,,,,,,,,,
,,,,,,,,,,,,,,
,,,,,,,,,,,,,,
,,,,,,,,,,,,,,
,,,,,,,,,,,,,,
,,,,,,,,,,,,,,
,,,,,,,,,,,,,,
,,,,,,,,,,,,,,
,,,,,,,,,,,,,,
,,,,,,,,,,,,,,
,,,,,,,,,,,,,,
,,,,,,,,,,,,,,
,,,,,,,,,,,,,,
,,,,,,,,,,,,,,
,,,,,,,,,,,,,,
,,,,,,,,,,,,,,
,,,,,,,,,,,,,,
,,,,,,,,,,,,,,
,,,,,,,,,,,,,,
,,,,,,,,,,,,,,
,,,,,,,,,,,,,,
,,,,,,,,,,,,,,
,,,,,,,,,,,,,,
,,,,,,,,,,,,,,
,,,,,,,,,,,,,,
,,,,,,,,,,,,,,
,,,,,,,,,,,,,,
,,,,,,,,,,,,,,
,,,,,,,,,,,,,,
,,,,,,,,,,,,,,
,,,,,,,,,,,,,,
,,,,,,,,,,,,,,
,,,,,,,,,,,,,,
,,,,,,,,,,,,,,
,,,,,,,,,,,,,,
,,,,,,,,,,,,,,
,,,,,,,,,,,,,,
,,,,,,,,,,,,,,
,,,,,,,,,,,,,,
,,,,,,,,,,,,,,
,,,,,,,,,,,,,,
,,,,,,,,,,,,,,
,,,,,,,,,,,,,,
,,,,,,,,,,,,,,
,,,,,,,,,,,,,,
,,,,,,,,,,,,,,
,,,,,,,,,,,,,,
,,,,,,,,,,,,,,
,,,,,,,,,,,,,,
,,,,,,,,,,,,,,
,,,,,,,,,,,,,,
,,,,,,,,,,,,,,
,,,,,,,,,,,,,,
,,,,,,,,,,,,,,
,,,,,,,,,,,,,,
,,,,,,,,,,,,,,
,,,,,,,,,,,,,,
,,,,,,,,,,,,,,
,,,,,,,,,,,,,,
,,,,,,,,,,,,,,
,,,,,,,,,,,,,,
,,,,,,,,,,,,,,
,,,,,,,,,,,,,,
,,,,,,,,,,,,,,
,,,,,,,,,,,,,,
,,,,,,,,,,,,,,
,,,,,,,,,,,,,,
,,,,,,,,,,,,,,
,,,,,,,,,,,,,,
,,,,,,,,,,,,,,
,,,,,,,,,,,,,,
,,,,,,,,,,,,,,
,,,,,,,,,,,,,,
,,,,,,,,,,,,,,
,,,,,,,,,,,,,,
,,,,,,,,,,,,,,
,,,,,,,,,,,,,,
,,,,,,,,,,,,,,
,,,,,,,,,,,,,,
,,,,,,,,,,,,,,
,,,,,,,,,,,,,,
,,,,,,,,,,,,,,
,,,,,,,,,,,,,,
,,,,,,,,,,,,,,
,,,,,,,,,,,,,,
,,,,,,,,,,,,,,
,,,,,,,,,,,,,,
,,,,,,,,,,,,,,
,,,,,,,,,,,,,,
,,,,,,,,,,,,,,
,,,,,,,,,,,,,,
,,,,,,,,,,,,,,
,,,,,,,,,,,,,,
,,,,,,,,,,,,,,
,,,,,,,,,,,,,,
,,,,,,,,,,,,,,
,,,,,,,,,,,,,,
,,,,,,,,,,,,,,
,,,,,,,,,,,,,,
,,,,,,,,,,,,,,
,,,,,,,,,,,,,,
,,,,,,,,,,,,,,
,,,,,,,,,,,,,,
,,,,,,,,,,,,,,
,,,,,,,,,,,,,,
,,,,,,,,,,,,,,
,,,,,,,,,,,,,,
,,,,,,,,,,,,,,
,,,,,,,,,,,,,,
,,,,,,,,,,,,,,
,,,,,,,,,,,,,,
,,,,,,,,,,,,,,
,,,,,,,,,,,,,,
,,,,,,,,,,,,,,
,,,,,,,,,,,,,,
,,,,,,,,,,,,,,
,,,,,,,,,,,,,,
,,,,,,,,,,,,,,
,,,,,,,,,,,,,,
,,,,,,,,,,,,,,
,,,,,,,,,,,,,,
,,,,,,,,,,,,,,
,,,,,,,,,,,,,,
,,,,,,,,,,,,,,
,,,,,,,,,,,,,,
,,,,,,,,,,,,,,
,,,,,,,,,,,,,,
,,,,,,,,,,,,,,
,,,,,,,,,,,,,,
,,,,,,,,,,,,,,
,,,,,,,,,,,,,,
,,,,,,,,,,,,,,
,,,,,,,,,,,,,,
,,,,,,,,,,,,,,
,,,,,,,,,,,,,,
,,,,,,,,,,,,,,
,,,,,,,,,,,,,,
,,,,,,,,,,,,,,
,,,,,,,,,,,,,,
,,,,,,,,,,,,,,
,,,,,,,,,,,,,,
,,,,,,,,,,,,,,
,,,,,,,,,,,,,,
,,,,,,,,,,,,,,
,,,,,,,,,,,,,,
,,,,,,,,,,,,,,
,,,,,,,,,,,,,,
,,,,,,,,,,,,,,
,,,,,,,,,,,,,,
,,,,,,,,,,,,,,
,,,,,,,,,,,,,,
,,,,,,,,,,,,,,
,,,,,,,,,,,,,,
,,,,,,,,,,,,,,
,,,,,,,,,,,,,,
,,,,,,,,,,,,,,
,,,,,,,,,,,,,,
,,,,,,,,,,,,,,
,,,,,,,,,,,,,,
,,,,,,,,,,,,,,
,,,,,,,,,,,,,,
,,,,,,,,,,,,,,
,,,,,,,,,,,,,,
,,,,,,,,,,,,,,
,,,,,,,,,,,,,,
,,,,,,,,,,,,,,
,,,,,,,,,,,,,,
,,,,,,,,,,,,,,
,,,,,,,,,,,,,,
,,,,,,,,,,,,,,
,,,,,,,,,,,,,,
,,,,,,,,,,,,,,
,,,,,,,,,,,,,,
,,,,,,,,,,,,,,
,,,,,,,,,,,,,,
,,,,,,,,,,,,,,
,,,,,,,,,,,,,,
,,,,,,,,,,,,,,
,,,,,,,,,,,,,,
,,,,,,,,,,,,,,
,,,,,,,,,,,,,,
,,,,,,,,,,,,,,
,,,,,,,,,,,,,,
,,,,,,,,,,,,,,
,,,,,,,,,,,,,,
,,,,,,,,,,,,,,
,,,,,,,,,,,,,,
,,,,,,,,,,,,,,
,,,,,,,,,,,,,,
,,,,,,,,,,,,,,
,,,,,,,,,,,,,,
,,,,,,,,,,,,,,
,,,,,,,,,,,,,,
,,,,,,,,,,,,,,
,,,,,,,,,,,,,,
,,,,,,,,,,,,,,
,,,,,,,,,,,,,,
,,,,,,,,,,,,,,
,,,,,,,,,,,,,,
,,,,,,,,,,,,,,
,,,,,,,,,,,,,,
,,,,,,,,,,,,,,
,,,,,,,,,,,,,,
,,,amicorum,,,,,,,,,,,